{
  "main": {
    "en-HK": {
      "identity": {
        "version": {
          "_cldrVersion": "25",
          "_number": "$Revision: 91 $"
        },
        "generation": {
          "_date": "$Date: 2014-03-13 22:27:12 -0500 (Thu, 13 Mar 2014) $"
        },
        "language": "en",
        "territory": "001"
      },
      "dates": {
        "calendars": {
          "chinese": {
            "months": {
              "format": {
                "abbreviated": {
                  "1": "1",
                  "2": "2",
                  "3": "3",
                  "4": "4",
                  "5": "5",
                  "6": "6",
                  "7": "7",
                  "8": "8",
                  "9": "9",
                  "10": "10",
                  "11": "11",
                  "12": "12"
                },
                "narrow": {
                  "1": "1",
                  "2": "2",
                  "3": "3",
                  "4": "4",
                  "5": "5",
                  "6": "6",
                  "7": "7",
                  "8": "8",
                  "9": "9",
                  "10": "10",
                  "11": "11",
                  "12": "12"
                },
                "wide": {
                  "1": "1",
                  "2": "2",
                  "3": "3",
                  "4": "4",
                  "5": "5",
                  "6": "6",
                  "7": "7",
                  "8": "8",
                  "9": "9",
                  "10": "10",
                  "11": "11",
                  "12": "12"
                }
              },
              "stand-alone": {
                "abbreviated": {
                  "1": "1",
                  "2": "2",
                  "3": "3",
                  "4": "4",
                  "5": "5",
                  "6": "6",
                  "7": "7",
                  "8": "8",
                  "9": "9",
                  "10": "10",
                  "11": "11",
                  "12": "12"
                },
                "narrow": {
                  "1": "1",
                  "2": "2",
                  "3": "3",
                  "4": "4",
                  "5": "5",
                  "6": "6",
                  "7": "7",
                  "8": "8",
                  "9": "9",
                  "10": "10",
                  "11": "11",
                  "12": "12"
                },
                "wide": {
                  "1": "1",
                  "2": "2",
                  "3": "3",
                  "4": "4",
                  "5": "5",
                  "6": "6",
                  "7": "7",
                  "8": "8",
                  "9": "9",
                  "10": "10",
                  "11": "11",
                  "12": "12"
                }
              }
            },
            "monthPatterns": {
              "format": {
                "abbreviated": {
                  "leap": "{0}bis"
                },
                "narrow": {
                  "leap": "{0}b"
                },
                "wide": {
                  "leap": "{0}bis"
                }
              },
              "stand-alone": {
                "abbreviated": {
                  "leap": "{0}bis"
                },
                "narrow": {
                  "leap": "{0}b"
                },
                "wide": {
                  "leap": "{0}bis"
                }
              },
              "numeric": {
                "all": {
                  "leap": "{0}bis"
                }
              }
            },
            "days": {
              "format": {
                "abbreviated": {
                  "sun": "Sun",
                  "mon": "Mon",
                  "tue": "Tue",
                  "wed": "Wed",
                  "thu": "Thu",
                  "fri": "Fri",
                  "sat": "Sat"
                },
                "narrow": {
                  "sun": "S",
                  "mon": "M",
                  "tue": "T",
                  "wed": "W",
                  "thu": "T",
                  "fri": "F",
                  "sat": "S"
                },
                "short": {
                  "sun": "Su",
                  "mon": "Mo",
                  "tue": "Tu",
                  "wed": "We",
                  "thu": "Th",
                  "fri": "Fr",
                  "sat": "Sa"
                },
                "wide": {
                  "sun": "Sunday",
                  "mon": "Monday",
                  "tue": "Tuesday",
                  "wed": "Wednesday",
                  "thu": "Thursday",
                  "fri": "Friday",
                  "sat": "Saturday"
                }
              },
              "stand-alone": {
                "abbreviated": {
                  "sun": "Sun",
                  "mon": "Mon",
                  "tue": "Tue",
                  "wed": "Wed",
                  "thu": "Thu",
                  "fri": "Fri",
                  "sat": "Sat"
                },
                "narrow": {
                  "sun": "S",
                  "mon": "M",
                  "tue": "T",
                  "wed": "W",
                  "thu": "T",
                  "fri": "F",
                  "sat": "S"
                },
                "short": {
                  "sun": "Su",
                  "mon": "Mo",
                  "tue": "Tu",
                  "wed": "We",
                  "thu": "Th",
                  "fri": "Fr",
                  "sat": "Sa"
                },
                "wide": {
                  "sun": "Sunday",
                  "mon": "Monday",
                  "tue": "Tuesday",
                  "wed": "Wednesday",
                  "thu": "Thursday",
                  "fri": "Friday",
                  "sat": "Saturday"
                }
              }
            },
            "quarters": {
              "format": {
                "abbreviated": {
                  "1": "Q1",
                  "2": "Q2",
                  "3": "Q3",
                  "4": "Q4"
                },
                "narrow": {
                  "1": "1",
                  "2": "2",
                  "3": "3",
                  "4": "4"
                },
                "wide": {
                  "1": "1st quarter",
                  "2": "2nd quarter",
                  "3": "3rd quarter",
                  "4": "4th quarter"
                }
              },
              "stand-alone": {
                "abbreviated": {
                  "1": "Q1",
                  "2": "Q2",
                  "3": "Q3",
                  "4": "Q4"
                },
                "narrow": {
                  "1": "1",
                  "2": "2",
                  "3": "3",
                  "4": "4"
                },
                "wide": {
                  "1": "1st quarter",
                  "2": "2nd quarter",
                  "3": "3rd quarter",
                  "4": "4th quarter"
                }
              }
            },
            "dayPeriods": {
              "format": {
                "abbreviated": {
                  "am": "am",
                  "am-alt-variant": "am",
                  "noon": "noon",
                  "pm": "pm",
                  "pm-alt-variant": "pm"
                },
                "narrow": {
                  "am": "a",
                  "noon": "n",
                  "pm": "p"
                },
                "wide": {
                  "am": "am",
                  "am-alt-variant": "am",
                  "noon": "noon",
                  "pm": "pm",
                  "pm-alt-variant": "pm"
                }
              },
              "stand-alone": {
                "abbreviated": {
                  "am": "am",
                  "am-alt-variant": "am",
                  "noon": "noon",
                  "pm": "pm",
                  "pm-alt-variant": "pm"
                },
                "narrow": {
                  "am": "a",
                  "noon": "n",
                  "pm": "p"
                },
                "wide": {
                  "am": "am",
                  "am-alt-variant": "am",
                  "noon": "noon",
                  "pm": "pm",
                  "pm-alt-variant": "pm"
                }
              }
            },
            "cyclicNameSets": {
              "years": {
                "format": {
                  "abbreviated": {
                    "1": "jia-zi",
                    "10": "gui-you",
                    "11": "jia-xu",
                    "12": "yi-hai",
                    "13": "bing-zi",
                    "14": "ding-chou",
                    "15": "wu-yin",
                    "16": "ji-mao",
                    "17": "geng-chen",
                    "18": "xin-si",
                    "19": "ren-wu",
                    "2": "yi-chou",
                    "20": "gui-wei",
                    "21": "jia-shen",
                    "22": "yi-you",
                    "23": "bing-xu",
                    "24": "ding-hai",
                    "25": "wu-zi",
                    "26": "ji-chou",
                    "27": "geng-yin",
                    "28": "xin-mao",
                    "29": "ren-chen",
                    "3": "bing-yin",
                    "30": "gui-si",
                    "31": "jia-wu",
                    "32": "yi-wei",
                    "33": "bing-shen",
                    "34": "ding-you",
                    "35": "wu-xu",
                    "36": "ji-hai",
                    "37": "geng-zi",
                    "38": "xin-chou",
                    "39": "ren-yin",
                    "4": "ding-mao",
                    "40": "gui-mao",
                    "41": "jia-chen",
                    "42": "yi-si",
                    "43": "bing-wu",
                    "44": "ding-wei",
                    "45": "wu-shen",
                    "46": "ji-you",
                    "47": "geng-xu",
                    "48": "xin-hai",
                    "49": "ren-zi",
                    "5": "wu-chen",
                    "50": "gui-chou",
                    "51": "jia-yin",
                    "52": "yi-mao",
                    "53": "bing-chen",
                    "54": "ding-si",
                    "55": "wu-wu",
                    "56": "ji-wei",
                    "57": "geng-shen",
                    "58": "xin-you",
                    "59": "ren-xu",
                    "6": "ji-si",
                    "60": "gui-hai",
                    "7": "geng-wu",
                    "8": "xin-wei",
                    "9": "ren-shen"
                  },
                  "narrow": {
                    "1": "jia-zi",
                    "10": "gui-you",
                    "11": "jia-xu",
                    "12": "yi-hai",
                    "13": "bing-zi",
                    "14": "ding-chou",
                    "15": "wu-yin",
                    "16": "ji-mao",
                    "17": "geng-chen",
                    "18": "xin-si",
                    "19": "ren-wu",
                    "2": "yi-chou",
                    "20": "gui-wei",
                    "21": "jia-shen",
                    "22": "yi-you",
                    "23": "bing-xu",
                    "24": "ding-hai",
                    "25": "wu-zi",
                    "26": "ji-chou",
                    "27": "geng-yin",
                    "28": "xin-mao",
                    "29": "ren-chen",
                    "3": "bing-yin",
                    "30": "gui-si",
                    "31": "jia-wu",
                    "32": "yi-wei",
                    "33": "bing-shen",
                    "34": "ding-you",
                    "35": "wu-xu",
                    "36": "ji-hai",
                    "37": "geng-zi",
                    "38": "xin-chou",
                    "39": "ren-yin",
                    "4": "ding-mao",
                    "40": "gui-mao",
                    "41": "jia-chen",
                    "42": "yi-si",
                    "43": "bing-wu",
                    "44": "ding-wei",
                    "45": "wu-shen",
                    "46": "ji-you",
                    "47": "geng-xu",
                    "48": "xin-hai",
                    "49": "ren-zi",
                    "5": "wu-chen",
                    "50": "gui-chou",
                    "51": "jia-yin",
                    "52": "yi-mao",
                    "53": "bing-chen",
                    "54": "ding-si",
                    "55": "wu-wu",
                    "56": "ji-wei",
                    "57": "geng-shen",
                    "58": "xin-you",
                    "59": "ren-xu",
                    "6": "ji-si",
                    "60": "gui-hai",
                    "7": "geng-wu",
                    "8": "xin-wei",
                    "9": "ren-shen"
                  },
                  "wide": {
                    "1": "jia-zi",
                    "10": "gui-you",
                    "11": "jia-xu",
                    "12": "yi-hai",
                    "13": "bing-zi",
                    "14": "ding-chou",
                    "15": "wu-yin",
                    "16": "ji-mao",
                    "17": "geng-chen",
                    "18": "xin-si",
                    "19": "ren-wu",
                    "2": "yi-chou",
                    "20": "gui-wei",
                    "21": "jia-shen",
                    "22": "yi-you",
                    "23": "bing-xu",
                    "24": "ding-hai",
                    "25": "wu-zi",
                    "26": "ji-chou",
                    "27": "geng-yin",
                    "28": "xin-mao",
                    "29": "ren-chen",
                    "3": "bing-yin",
                    "30": "gui-si",
                    "31": "jia-wu",
                    "32": "yi-wei",
                    "33": "bing-shen",
                    "34": "ding-you",
                    "35": "wu-xu",
                    "36": "ji-hai",
                    "37": "geng-zi",
                    "38": "xin-chou",
                    "39": "ren-yin",
                    "4": "ding-mao",
                    "40": "gui-mao",
                    "41": "jia-chen",
                    "42": "yi-si",
                    "43": "bing-wu",
                    "44": "ding-wei",
                    "45": "wu-shen",
                    "46": "ji-you",
                    "47": "geng-xu",
                    "48": "xin-hai",
                    "49": "ren-zi",
                    "5": "wu-chen",
                    "50": "gui-chou",
                    "51": "jia-yin",
                    "52": "yi-mao",
                    "53": "bing-chen",
                    "54": "ding-si",
                    "55": "wu-wu",
                    "56": "ji-wei",
                    "57": "geng-shen",
                    "58": "xin-you",
                    "59": "ren-xu",
                    "6": "ji-si",
                    "60": "gui-hai",
                    "7": "geng-wu",
                    "8": "xin-wei",
                    "9": "ren-shen"
                  }
                }
              },
              "months": {
                "format": {
                  "abbreviated": {
                    "1": "jia-zi",
                    "10": "gui-you",
                    "11": "jia-xu",
                    "12": "yi-hai",
                    "13": "bing-zi",
                    "14": "ding-chou",
                    "15": "wu-yin",
                    "16": "ji-mao",
                    "17": "geng-chen",
                    "18": "xin-si",
                    "19": "ren-wu",
                    "2": "yi-chou",
                    "20": "gui-wei",
                    "21": "jia-shen",
                    "22": "yi-you",
                    "23": "bing-xu",
                    "24": "ding-hai",
                    "25": "wu-zi",
                    "26": "ji-chou",
                    "27": "geng-yin",
                    "28": "xin-mao",
                    "29": "ren-chen",
                    "3": "bing-yin",
                    "30": "gui-si",
                    "31": "jia-wu",
                    "32": "yi-wei",
                    "33": "bing-shen",
                    "34": "ding-you",
                    "35": "wu-xu",
                    "36": "ji-hai",
                    "37": "geng-zi",
                    "38": "xin-chou",
                    "39": "ren-yin",
                    "4": "ding-mao",
                    "40": "gui-mao",
                    "41": "jia-chen",
                    "42": "yi-si",
                    "43": "bing-wu",
                    "44": "ding-wei",
                    "45": "wu-shen",
                    "46": "ji-you",
                    "47": "geng-xu",
                    "48": "xin-hai",
                    "49": "ren-zi",
                    "5": "wu-chen",
                    "50": "gui-chou",
                    "51": "jia-yin",
                    "52": "yi-mao",
                    "53": "bing-chen",
                    "54": "ding-si",
                    "55": "wu-wu",
                    "56": "ji-wei",
                    "57": "geng-shen",
                    "58": "xin-you",
                    "59": "ren-xu",
                    "6": "ji-si",
                    "60": "gui-hai",
                    "7": "geng-wu",
                    "8": "xin-wei",
                    "9": "ren-shen"
                  },
                  "narrow": {
                    "1": "jia-zi",
                    "10": "gui-you",
                    "11": "jia-xu",
                    "12": "yi-hai",
                    "13": "bing-zi",
                    "14": "ding-chou",
                    "15": "wu-yin",
                    "16": "ji-mao",
                    "17": "geng-chen",
                    "18": "xin-si",
                    "19": "ren-wu",
                    "2": "yi-chou",
                    "20": "gui-wei",
                    "21": "jia-shen",
                    "22": "yi-you",
                    "23": "bing-xu",
                    "24": "ding-hai",
                    "25": "wu-zi",
                    "26": "ji-chou",
                    "27": "geng-yin",
                    "28": "xin-mao",
                    "29": "ren-chen",
                    "3": "bing-yin",
                    "30": "gui-si",
                    "31": "jia-wu",
                    "32": "yi-wei",
                    "33": "bing-shen",
                    "34": "ding-you",
                    "35": "wu-xu",
                    "36": "ji-hai",
                    "37": "geng-zi",
                    "38": "xin-chou",
                    "39": "ren-yin",
                    "4": "ding-mao",
                    "40": "gui-mao",
                    "41": "jia-chen",
                    "42": "yi-si",
                    "43": "bing-wu",
                    "44": "ding-wei",
                    "45": "wu-shen",
                    "46": "ji-you",
                    "47": "geng-xu",
                    "48": "xin-hai",
                    "49": "ren-zi",
                    "5": "wu-chen",
                    "50": "gui-chou",
                    "51": "jia-yin",
                    "52": "yi-mao",
                    "53": "bing-chen",
                    "54": "ding-si",
                    "55": "wu-wu",
                    "56": "ji-wei",
                    "57": "geng-shen",
                    "58": "xin-you",
                    "59": "ren-xu",
                    "6": "ji-si",
                    "60": "gui-hai",
                    "7": "geng-wu",
                    "8": "xin-wei",
                    "9": "ren-shen"
                  },
                  "wide": {
                    "1": "jia-zi",
                    "10": "gui-you",
                    "11": "jia-xu",
                    "12": "yi-hai",
                    "13": "bing-zi",
                    "14": "ding-chou",
                    "15": "wu-yin",
                    "16": "ji-mao",
                    "17": "geng-chen",
                    "18": "xin-si",
                    "19": "ren-wu",
                    "2": "yi-chou",
                    "20": "gui-wei",
                    "21": "jia-shen",
                    "22": "yi-you",
                    "23": "bing-xu",
                    "24": "ding-hai",
                    "25": "wu-zi",
                    "26": "ji-chou",
                    "27": "geng-yin",
                    "28": "xin-mao",
                    "29": "ren-chen",
                    "3": "bing-yin",
                    "30": "gui-si",
                    "31": "jia-wu",
                    "32": "yi-wei",
                    "33": "bing-shen",
                    "34": "ding-you",
                    "35": "wu-xu",
                    "36": "ji-hai",
                    "37": "geng-zi",
                    "38": "xin-chou",
                    "39": "ren-yin",
                    "4": "ding-mao",
                    "40": "gui-mao",
                    "41": "jia-chen",
                    "42": "yi-si",
                    "43": "bing-wu",
                    "44": "ding-wei",
                    "45": "wu-shen",
                    "46": "ji-you",
                    "47": "geng-xu",
                    "48": "xin-hai",
                    "49": "ren-zi",
                    "5": "wu-chen",
                    "50": "gui-chou",
                    "51": "jia-yin",
                    "52": "yi-mao",
                    "53": "bing-chen",
                    "54": "ding-si",
                    "55": "wu-wu",
                    "56": "ji-wei",
                    "57": "geng-shen",
                    "58": "xin-you",
                    "59": "ren-xu",
                    "6": "ji-si",
                    "60": "gui-hai",
                    "7": "geng-wu",
                    "8": "xin-wei",
                    "9": "ren-shen"
                  }
                }
              },
              "days": {
                "format": {
                  "abbreviated": {
                    "1": "jia-zi",
                    "10": "gui-you",
                    "11": "jia-xu",
                    "12": "yi-hai",
                    "13": "bing-zi",
                    "14": "ding-chou",
                    "15": "wu-yin",
                    "16": "ji-mao",
                    "17": "geng-chen",
                    "18": "xin-si",
                    "19": "ren-wu",
                    "2": "yi-chou",
                    "20": "gui-wei",
                    "21": "jia-shen",
                    "22": "yi-you",
                    "23": "bing-xu",
                    "24": "ding-hai",
                    "25": "wu-zi",
                    "26": "ji-chou",
                    "27": "geng-yin",
                    "28": "xin-mao",
                    "29": "ren-chen",
                    "3": "bing-yin",
                    "30": "gui-si",
                    "31": "jia-wu",
                    "32": "yi-wei",
                    "33": "bing-shen",
                    "34": "ding-you",
                    "35": "wu-xu",
                    "36": "ji-hai",
                    "37": "geng-zi",
                    "38": "xin-chou",
                    "39": "ren-yin",
                    "4": "ding-mao",
                    "40": "gui-mao",
                    "41": "jia-chen",
                    "42": "yi-si",
                    "43": "bing-wu",
                    "44": "ding-wei",
                    "45": "wu-shen",
                    "46": "ji-you",
                    "47": "geng-xu",
                    "48": "xin-hai",
                    "49": "ren-zi",
                    "5": "wu-chen",
                    "50": "gui-chou",
                    "51": "jia-yin",
                    "52": "yi-mao",
                    "53": "bing-chen",
                    "54": "ding-si",
                    "55": "wu-wu",
                    "56": "ji-wei",
                    "57": "geng-shen",
                    "58": "xin-you",
                    "59": "ren-xu",
                    "6": "ji-si",
                    "60": "gui-hai",
                    "7": "geng-wu",
                    "8": "xin-wei",
                    "9": "ren-shen"
                  },
                  "narrow": {
                    "1": "jia-zi",
                    "10": "gui-you",
                    "11": "jia-xu",
                    "12": "yi-hai",
                    "13": "bing-zi",
                    "14": "ding-chou",
                    "15": "wu-yin",
                    "16": "ji-mao",
                    "17": "geng-chen",
                    "18": "xin-si",
                    "19": "ren-wu",
                    "2": "yi-chou",
                    "20": "gui-wei",
                    "21": "jia-shen",
                    "22": "yi-you",
                    "23": "bing-xu",
                    "24": "ding-hai",
                    "25": "wu-zi",
                    "26": "ji-chou",
                    "27": "geng-yin",
                    "28": "xin-mao",
                    "29": "ren-chen",
                    "3": "bing-yin",
                    "30": "gui-si",
                    "31": "jia-wu",
                    "32": "yi-wei",
                    "33": "bing-shen",
                    "34": "ding-you",
                    "35": "wu-xu",
                    "36": "ji-hai",
                    "37": "geng-zi",
                    "38": "xin-chou",
                    "39": "ren-yin",
                    "4": "ding-mao",
                    "40": "gui-mao",
                    "41": "jia-chen",
                    "42": "yi-si",
                    "43": "bing-wu",
                    "44": "ding-wei",
                    "45": "wu-shen",
                    "46": "ji-you",
                    "47": "geng-xu",
                    "48": "xin-hai",
                    "49": "ren-zi",
                    "5": "wu-chen",
                    "50": "gui-chou",
                    "51": "jia-yin",
                    "52": "yi-mao",
                    "53": "bing-chen",
                    "54": "ding-si",
                    "55": "wu-wu",
                    "56": "ji-wei",
                    "57": "geng-shen",
                    "58": "xin-you",
                    "59": "ren-xu",
                    "6": "ji-si",
                    "60": "gui-hai",
                    "7": "geng-wu",
                    "8": "xin-wei",
                    "9": "ren-shen"
                  },
                  "wide": {
                    "1": "jia-zi",
                    "10": "gui-you",
                    "11": "jia-xu",
                    "12": "yi-hai",
                    "13": "bing-zi",
                    "14": "ding-chou",
                    "15": "wu-yin",
                    "16": "ji-mao",
                    "17": "geng-chen",
                    "18": "xin-si",
                    "19": "ren-wu",
                    "2": "yi-chou",
                    "20": "gui-wei",
                    "21": "jia-shen",
                    "22": "yi-you",
                    "23": "bing-xu",
                    "24": "ding-hai",
                    "25": "wu-zi",
                    "26": "ji-chou",
                    "27": "geng-yin",
                    "28": "xin-mao",
                    "29": "ren-chen",
                    "3": "bing-yin",
                    "30": "gui-si",
                    "31": "jia-wu",
                    "32": "yi-wei",
                    "33": "bing-shen",
                    "34": "ding-you",
                    "35": "wu-xu",
                    "36": "ji-hai",
                    "37": "geng-zi",
                    "38": "xin-chou",
                    "39": "ren-yin",
                    "4": "ding-mao",
                    "40": "gui-mao",
                    "41": "jia-chen",
                    "42": "yi-si",
                    "43": "bing-wu",
                    "44": "ding-wei",
                    "45": "wu-shen",
                    "46": "ji-you",
                    "47": "geng-xu",
                    "48": "xin-hai",
                    "49": "ren-zi",
                    "5": "wu-chen",
                    "50": "gui-chou",
                    "51": "jia-yin",
                    "52": "yi-mao",
                    "53": "bing-chen",
                    "54": "ding-si",
                    "55": "wu-wu",
                    "56": "ji-wei",
                    "57": "geng-shen",
                    "58": "xin-you",
                    "59": "ren-xu",
                    "6": "ji-si",
                    "60": "gui-hai",
                    "7": "geng-wu",
                    "8": "xin-wei",
                    "9": "ren-shen"
                  }
                }
              },
              "dayParts": {
                "format": {
                  "abbreviated": {
                    "1": "zi",
                    "10": "you",
                    "11": "xu",
                    "12": "hai",
                    "2": "chou",
                    "3": "yin",
                    "4": "mao",
                    "5": "chen",
                    "6": "si",
                    "7": "wu",
                    "8": "wei",
                    "9": "shen"
                  },
                  "narrow": {
                    "1": "zi",
                    "10": "you",
                    "11": "xu",
                    "12": "hai",
                    "2": "chou",
                    "3": "yin",
                    "4": "mao",
                    "5": "chen",
                    "6": "si",
                    "7": "wu",
                    "8": "wei",
                    "9": "shen"
                  },
                  "wide": {
                    "1": "zi",
                    "10": "you",
                    "11": "xu",
                    "12": "hai",
                    "2": "chou",
                    "3": "yin",
                    "4": "mao",
                    "5": "chen",
                    "6": "si",
                    "7": "wu",
                    "8": "wei",
                    "9": "shen"
                  }
                }
              },
              "zodiacs": {
                "format": {
                  "abbreviated": {
                    "1": "Rat",
                    "10": "Rooster",
                    "11": "Dog",
                    "12": "Pig",
                    "2": "Ox",
                    "3": "Tiger",
                    "4": "Rabbit",
                    "5": "Dragon",
                    "6": "Snake",
                    "7": "Horse",
                    "8": "Goat",
                    "9": "Monkey"
                  },
                  "narrow": {
                    "1": "Rat",
                    "10": "Rooster",
                    "11": "Dog",
                    "12": "Pig",
                    "2": "Ox",
                    "3": "Tiger",
                    "4": "Rabbit",
                    "5": "Dragon",
                    "6": "Snake",
                    "7": "Horse",
                    "8": "Goat",
                    "9": "Monkey"
                  },
                  "wide": {
                    "1": "Rat",
                    "10": "Rooster",
                    "11": "Dog",
                    "12": "Pig",
                    "2": "Ox",
                    "3": "Tiger",
                    "4": "Rabbit",
                    "5": "Dragon",
                    "6": "Snake",
                    "7": "Horse",
                    "8": "Goat",
                    "9": "Monkey"
                  }
                }
              }
            },
            "dateFormats": {
              "full": "EEEE, d MMMM U",
              "long": "d MMMM U",
              "medium": "d MMM U",
              "short": "dd/MM/yy"
            },
            "timeFormats": {
              "full": "h:mm:ss a zzzz",
              "long": "h:mm:ss a z",
              "medium": "h:mm:ss a",
              "short": "h:mm a"
            },
            "dateTimeFormats": {
              "full": "{1} {0}",
              "long": "{1} {0}",
              "medium": "{1} {0}",
              "short": "{1} {0}",
              "availableFormats": {
                "EHm": "E HH:mm",
                "EHms": "E HH:mm:ss",
                "Ed": "E d",
                "Ehm": "E h:mm a",
                "Ehms": "E h:mm:ss a",
                "Gy": "U",
                "GyMMM": "MMM U",
                "GyMMMEd": "E, d MMM U",
                "GyMMMd": "d MMM U",
                "H": "HH",
                "Hm": "HH:mm",
                "Hms": "HH:mm:ss",
                "M": "LL",
                "MEd": "E dd/MM",
                "MMM": "LLL",
                "MMMEd": "E d MMM",
                "MMMMd": "d MMMM",
                "MMMd": "d MMM",
                "Md": "dd/MM",
                "d": "d",
                "h": "h a",
                "hm": "h:mm a",
                "hms": "h:mm:ss a",
                "ms": "mm:ss",
                "y": "U",
                "yMd": "dd/MM/y",
                "yyyy": "U",
                "yyyyM": "MM/y",
                "yyyyMEd": "E, dd/MM/y",
                "yyyyMMM": "MMM U",
                "yyyyMMMEd": "E, d MMM U",
                "yyyyMMMM": "MMMM U",
                "yyyyMMMd": "d MMM U",
                "yyyyMd": "dd/MM/y",
                "yyyyQQQ": "QQQ U",
                "yyyyQQQQ": "QQQQ U"
              },
              "appendItems": {
                "Day": "{0} ({2}: {1})",
                "Day-Of-Week": "{0} {1}",
                "Era": "{1} {0}",
                "Hour": "{0} ({2}: {1})",
                "Minute": "{0} ({2}: {1})",
                "Month": "{0} ({2}: {1})",
                "Quarter": "{0} ({2}: {1})",
                "Second": "{0} ({2}: {1})",
                "Timezone": "{0} {1}",
                "Week": "{0} ({2}: {1})",
                "Year": "{1} {0}"
              },
              "intervalFormats": {
                "intervalFormatFallback": "{0} – {1}",
                "H": {
                  "H": "HH–HH"
                },
                "Hm": {
                  "H": "HH:mm–HH:mm",
                  "m": "HH:mm–HH:mm"
                },
                "Hmv": {
                  "H": "HH:mm–HH:mm v",
                  "m": "HH:mm–HH:mm v"
                },
                "Hv": {
                  "H": "HH–HH v"
                },
                "M": {
                  "M": "M–M"
                },
                "MEd": {
                  "M": "E dd/MM – E dd/MM",
                  "d": "E dd/MM – E dd/MM"
                },
                "MMM": {
                  "M": "MMM–MMM"
                },
                "MMMEd": {
                  "M": "E d MMM – E d MMM",
                  "d": "E d – E d MMM"
                },
                "MMMd": {
                  "M": "d MMM – d MMM",
                  "d": "d–d MMM"
                },
                "Md": {
                  "M": "dd/MM – dd/MM",
                  "d": "dd/MM – dd/MM"
                },
                "d": {
                  "d": "d–d"
                },
                "h": {
                  "a": "h a – h a",
                  "h": "h–h a"
                },
                "hm": {
                  "a": "h:mm a – h:mm a",
                  "h": "h:mm–h:mm a",
                  "m": "h:mm–h:mm a"
                },
                "hmv": {
                  "a": "h:mm a – h:mm a v",
                  "h": "h:mm–h:mm a v",
                  "m": "h:mm–h:mm a v"
                },
                "hv": {
                  "a": "h a – h a v",
                  "h": "h–h a v"
                },
                "y": {
                  "y": "U-U"
                },
                "yM": {
                  "M": "MM/y – MM/y",
                  "y": "MM/y – MM/y"
                },
                "yMEd": {
                  "M": "E, dd/MM/y – E, dd/MM/y",
                  "d": "E, dd/MM/y – E, dd/MM/y",
                  "y": "E, dd/MM/y – E, dd/MM/y"
                },
                "yMMM": {
                  "M": "MMM–MMM U",
                  "y": "MMM U – MMM U"
                },
                "yMMMEd": {
                  "M": "E, d MMM – E, d MMM U",
                  "d": "E, d – E, d MMM U",
                  "y": "E, d MMM U – E, d MMM U"
                },
                "yMMMM": {
                  "M": "MMMM–MMMM U",
                  "y": "MMMM U – MMMM U"
                },
                "yMMMd": {
                  "M": "d MMM – d MMM U",
                  "d": "d–d MMM U",
                  "y": "d MMM U – d MMM U"
                },
                "yMd": {
                  "M": "dd/MM/y – dd/MM/y",
                  "d": "dd/MM/y – dd/MM/y",
                  "y": "dd/MM/y – dd/MM/y"
                }
              }
            }
          }
        }
      }
    }
  }
}
