{
  "main": {
    "en-IN": {
      "identity": {
        "version": {
          "_cldrVersion": "25",
          "_number": "$Revision: 91 $"
        },
        "generation": {
          "_date": "$Date: 2014-03-13 22:27:12 -0500 (Thu, 13 Mar 2014) $"
        },
        "language": "en",
        "territory": "001"
      },
      "contextTransforms": {
        "calendar-field": {
          "uiListOrMenu": "titlecase-firstword",
          "stand-alone": "titlecase-firstword"
        },
        "keyValue": {
          "uiListOrMenu": "titlecase-firstword",
          "stand-alone": "titlecase-firstword"
        },
        "number-spellout": {
          "uiListOrMenu": "titlecase-firstword",
          "stand-alone": "titlecase-firstword"
        },
        "relative": {
          "uiListOrMenu": "titlecase-firstword",
          "stand-alone": "titlecase-firstword"
        }
      }
    }
  }
}
