{
  "main": {
    "ar": {
      "identity": {
        "version": {
          "_cldrVersion": "25",
          "_number": "$Revision: 91 $"
        },
        "generation": {
          "_date": "$Date: 2014-03-13 22:27:12 -0500 (Thu, 13 Mar 2014) $"
        },
        "language": "ar"
      },
      "numbers": {
        "defaultNumberingSystem": "arab",
        "otherNumberingSystems": {
          "native": "arab"
        },
        "symbols-numberSystem-arab": {
          "decimal": "٫",
          "group": "٬",
          "list": "؛",
          "percentSign": "٪",
          "plusSign": "‏+",
          "minusSign": "‏-",
          "exponential": "اس",
          "superscriptingExponent": "×",
          "perMille": "؉",
          "infinity": "∞",
          "nan": "ليس رقم"
        },
        "symbols-numberSystem-latn": {
          "decimal": ".",
          "group": ",",
          "list": ";",
          "percentSign": "%",
          "plusSign": "‎+",
          "minusSign": "‎-",
          "exponential": "E",
          "superscriptingExponent": "×",
          "perMille": "‰",
          "infinity": "∞",
          "nan": "NaN"
        },
        "decimalFormats-numberSystem-arab": {
          "standard": "#,##0.###",
          "long": {
            "decimalFormat": {
              "1000-count-zero": "0 ألف",
              "1000-count-one": "0 ألف",
              "1000-count-two": "0 ألف",
              "1000-count-few": "0 ألف",
              "1000-count-many": "0 ألف",
              "1000-count-other": "0 ألف",
              "10000-count-zero": "00 ألف",
              "10000-count-one": "00 ألف",
              "10000-count-two": "00 ألف",
              "10000-count-few": "00 ألف",
              "10000-count-many": "00 ألف",
              "10000-count-other": "00 ألف",
              "100000-count-zero": "000 ألف",
              "100000-count-one": "000 ألف",
              "100000-count-two": "000 ألف",
              "100000-count-few": "000 ألف",
              "100000-count-many": "000 ألف",
              "100000-count-other": "000 ألف",
              "1000000-count-zero": "0 مليون",
              "1000000-count-one": "0 مليون",
              "1000000-count-two": "0 مليون",
              "1000000-count-few": "0 مليون",
              "1000000-count-many": "0 مليون",
              "1000000-count-other": "0 مليون",
              "10000000-count-zero": "00 مليون",
              "10000000-count-one": "00 مليون",
              "10000000-count-two": "00 مليون",
              "10000000-count-few": "00 مليون",
              "10000000-count-many": "00 مليون",
              "10000000-count-other": "00 مليون",
              "100000000-count-zero": "000 مليون",
              "100000000-count-one": "000 مليون",
              "100000000-count-two": "000 مليون",
              "100000000-count-few": "000 مليون",
              "100000000-count-many": "000 مليون",
              "100000000-count-other": "000 مليون",
              "1000000000-count-zero": "0 بليون",
              "1000000000-count-one": "0 بليون",
              "1000000000-count-two": "0 بليون",
              "1000000000-count-few": "0 بليون",
              "1000000000-count-many": "0 بليون",
              "1000000000-count-other": "0 بليون",
              "10000000000-count-zero": "00 بليون",
              "10000000000-count-one": "00 بليون",
              "10000000000-count-two": "00 بليون",
              "10000000000-count-few": "00 بليون",
              "10000000000-count-many": "00 بليون",
              "10000000000-count-other": "00 بليون",
              "100000000000-count-zero": "000 بليون",
              "100000000000-count-one": "000 بليون",
              "100000000000-count-two": "000 بليون",
              "100000000000-count-few": "000 بليون",
              "100000000000-count-many": "000 بليون",
              "100000000000-count-other": "000 بليون",
              "1000000000000-count-zero": "0 تريليون",
              "1000000000000-count-one": "0 تريليون",
              "1000000000000-count-two": "0 تريليون",
              "1000000000000-count-few": "0 تريليون",
              "1000000000000-count-many": "0 تريليون",
              "1000000000000-count-other": "0 تريليون",
              "10000000000000-count-zero": "00 تريليون",
              "10000000000000-count-one": "00 تريليون",
              "10000000000000-count-two": "00 تريليون",
              "10000000000000-count-few": "00 تريليون",
              "10000000000000-count-many": "00 تريليون",
              "10000000000000-count-other": "00 تريليون",
              "100000000000000-count-zero": "000 تريليون",
              "100000000000000-count-one": "000 تريليون",
              "100000000000000-count-two": "000 تريليون",
              "100000000000000-count-few": "000 تريليون",
              "100000000000000-count-many": "000 تريليون",
              "100000000000000-count-other": "000 تريليون"
            }
          },
          "short": {
            "decimalFormat": {
              "1000-count-zero": "0 ألف",
              "1000-count-one": "0 ألف",
              "1000-count-two": "0 ألف",
              "1000-count-few": "0 ألف",
              "1000-count-many": "0 ألف",
              "1000-count-other": "0 ألف",
              "10000-count-zero": "00 ألف",
              "10000-count-one": "00 ألف",
              "10000-count-two": "00 ألف",
              "10000-count-few": "00 ألف",
              "10000-count-many": "00 ألف",
              "10000-count-other": "00 ألف",
              "100000-count-zero": "000 ألف",
              "100000-count-one": "000 ألف",
              "100000-count-two": "000 ألف",
              "100000-count-few": "000 ألف",
              "100000-count-many": "000 ألف",
              "100000-count-other": "000 ألف",
              "1000000-count-zero": "0 مليو",
              "1000000-count-one": "0 مليو",
              "1000000-count-two": "0 مليو",
              "1000000-count-few": "0 مليو",
              "1000000-count-many": "0 مليو",
              "1000000-count-other": "0 مليو",
              "10000000-count-zero": "00 مليو",
              "10000000-count-one": "00 مليو",
              "10000000-count-two": "00 مليو",
              "10000000-count-few": "00 مليو",
              "10000000-count-many": "00 مليو",
              "10000000-count-other": "00 مليو",
              "100000000-count-zero": "000 مليو",
              "100000000-count-one": "000 مليو",
              "100000000-count-two": "000 مليو",
              "100000000-count-few": "000 مليو",
              "100000000-count-many": "000 مليو",
              "100000000-count-other": "000 مليو",
              "1000000000-count-zero": "0 بليو",
              "1000000000-count-one": "0 بليو",
              "1000000000-count-two": "0 بليو",
              "1000000000-count-few": "0 بليو",
              "1000000000-count-many": "0 بليو",
              "1000000000-count-other": "0 بليو",
              "10000000000-count-zero": "00 بليو",
              "10000000000-count-one": "00 بليو",
              "10000000000-count-two": "00 بليو",
              "10000000000-count-few": "00 بليو",
              "10000000000-count-many": "00 بليو",
              "10000000000-count-other": "00 بليو",
              "100000000000-count-zero": "000 بليو",
              "100000000000-count-one": "000 بليو",
              "100000000000-count-two": "000 بليو",
              "100000000000-count-few": "000 بليو",
              "100000000000-count-many": "000 بليو",
              "100000000000-count-other": "000 بليو",
              "1000000000000-count-zero": "0 ترليو",
              "1000000000000-count-one": "0 ترليو",
              "1000000000000-count-two": "0 ترليو",
              "1000000000000-count-few": "0 ترليو",
              "1000000000000-count-many": "0 ترليو",
              "1000000000000-count-other": "0 ترليو",
              "10000000000000-count-zero": "00 ترليو",
              "10000000000000-count-one": "00 ترليو",
              "10000000000000-count-two": "00 ترليو",
              "10000000000000-count-few": "00 ترليو",
              "10000000000000-count-many": "00 ترليو",
              "10000000000000-count-other": "00 ترليو",
              "100000000000000-count-zero": "000 ترليو",
              "100000000000000-count-one": "000 ترليو",
              "100000000000000-count-two": "000 ترليو",
              "100000000000000-count-few": "000 ترليو",
              "100000000000000-count-many": "000 ترليو",
              "100000000000000-count-other": "000 ترليو"
            }
          }
        },
        "decimalFormats-numberSystem-latn": {
          "standard": "#,##0.###",
          "long": {
            "decimalFormat": {
              "1000-count-zero": "0 ألف",
              "1000-count-one": "0 ألف",
              "1000-count-two": "0 ألف",
              "1000-count-few": "0 آلاف",
              "1000-count-many": "0 ألف",
              "1000-count-other": "0 ألف",
              "10000-count-zero": "00 ألف",
              "10000-count-one": "00 ألف",
              "10000-count-two": "00 ألف",
              "10000-count-few": "00 ألف",
              "10000-count-many": "00 ألف",
              "10000-count-other": "00 ألف",
              "100000-count-zero": "000 ألف",
              "100000-count-one": "000 ألف",
              "100000-count-two": "000 ألف",
              "100000-count-few": "000 ألف",
              "100000-count-many": "000 ألف",
              "100000-count-other": "000 ألف",
              "1000000-count-zero": "0 مليون",
              "1000000-count-one": "0 مليون",
              "1000000-count-two": "0 مليون",
              "1000000-count-few": "0 ملايين",
              "1000000-count-many": "0 مليون",
              "1000000-count-other": "0 مليون",
              "10000000-count-zero": "00 مليون",
              "10000000-count-one": "00 مليون",
              "10000000-count-two": "00 مليون",
              "10000000-count-few": "00 ملايين",
              "10000000-count-many": "00 مليون",
              "10000000-count-other": "00 مليون",
              "100000000-count-zero": "000 مليون",
              "100000000-count-one": "000 مليون",
              "100000000-count-two": "000 مليون",
              "100000000-count-few": "000 مليون",
              "100000000-count-many": "000 مليون",
              "100000000-count-other": "000 مليون",
              "1000000000-count-zero": "0 بليون",
              "1000000000-count-one": "0 بليون",
              "1000000000-count-two": "0 بليون",
              "1000000000-count-few": "0 بلايين",
              "1000000000-count-many": "0 بليون",
              "1000000000-count-other": "0 بليون",
              "10000000000-count-zero": "00 بليون",
              "10000000000-count-one": "00 بليون",
              "10000000000-count-two": "00 بليون",
              "10000000000-count-few": "00 بليون",
              "10000000000-count-many": "00 بليون",
              "10000000000-count-other": "00 بليون",
              "100000000000-count-zero": "000 بليون",
              "100000000000-count-one": "000 بليون",
              "100000000000-count-two": "000 بليون",
              "100000000000-count-few": "000 بليون",
              "100000000000-count-many": "000 بليون",
              "100000000000-count-other": "000 بليون",
              "1000000000000-count-zero": "0 تريليون",
              "1000000000000-count-one": "0 تريليون",
              "1000000000000-count-two": "0 تريليون",
              "1000000000000-count-few": "0 تريليونات",
              "1000000000000-count-many": "0 تريليون",
              "1000000000000-count-other": "0 تريليون",
              "10000000000000-count-zero": "00 تريليون",
              "10000000000000-count-one": "00 تريليون",
              "10000000000000-count-two": "00 تريليون",
              "10000000000000-count-few": "00 تريليون",
              "10000000000000-count-many": "00 تريليون",
              "10000000000000-count-other": "00 تريليون",
              "100000000000000-count-zero": "000 تريليون",
              "100000000000000-count-one": "000 تريليون",
              "100000000000000-count-two": "000 تريليون",
              "100000000000000-count-few": "000 تريليون",
              "100000000000000-count-many": "000 تريليون",
              "100000000000000-count-other": "000 تريليون"
            }
          },
          "short": {
            "decimalFormat": {
              "1000-count-zero": "0 ألف",
              "1000-count-one": "0 ألف",
              "1000-count-two": "0 ألف",
              "1000-count-few": "0 آلاف",
              "1000-count-many": "0 ألف",
              "1000-count-other": "0 ألف",
              "10000-count-zero": "00 ألف",
              "10000-count-one": "00 ألف",
              "10000-count-two": "00 ألف",
              "10000-count-few": "00 ألف",
              "10000-count-many": "00 ألف",
              "10000-count-other": "00 ألف",
              "100000-count-zero": "000 ألف",
              "100000-count-one": "000 ألف",
              "100000-count-two": "000 ألف",
              "100000-count-few": "000 ألف",
              "100000-count-many": "000 ألف",
              "100000-count-other": "000 ألف",
              "1000000-count-zero": "0 مليو",
              "1000000-count-one": "0 مليو",
              "1000000-count-two": "0 مليو",
              "1000000-count-few": "0 مليو",
              "1000000-count-many": "0 مليو",
              "1000000-count-other": "0 مليو",
              "10000000-count-zero": "00 مليو",
              "10000000-count-one": "00 مليو",
              "10000000-count-two": "00 مليو",
              "10000000-count-few": "00 مليو",
              "10000000-count-many": "00 مليو",
              "10000000-count-other": "00 مليو",
              "100000000-count-zero": "000 مليو",
              "100000000-count-one": "000 مليو",
              "100000000-count-two": "000 مليو",
              "100000000-count-few": "000 مليو",
              "100000000-count-many": "000 مليو",
              "100000000-count-other": "000 مليو",
              "1000000000-count-zero": "0 بليو",
              "1000000000-count-one": "0 بليو",
              "1000000000-count-two": "0 بليو",
              "1000000000-count-few": "0 بليو",
              "1000000000-count-many": "0 بليو",
              "1000000000-count-other": "0 بليو",
              "10000000000-count-zero": "00 بليو",
              "10000000000-count-one": "00 بليو",
              "10000000000-count-two": "00 بليو",
              "10000000000-count-few": "00 بليو",
              "10000000000-count-many": "00 بليو",
              "10000000000-count-other": "00 بليو",
              "100000000000-count-zero": "000 بليو",
              "100000000000-count-one": "000 بليو",
              "100000000000-count-two": "000 بليو",
              "100000000000-count-few": "000 بليو",
              "100000000000-count-many": "000 بليو",
              "100000000000-count-other": "000 بليو",
              "1000000000000-count-zero": "0 ترليو",
              "1000000000000-count-one": "0 ترليو",
              "1000000000000-count-two": "0 ترليو",
              "1000000000000-count-few": "0 ترليو",
              "1000000000000-count-many": "0 ترليو",
              "1000000000000-count-other": "0 ترليو",
              "10000000000000-count-zero": "00 ترليو",
              "10000000000000-count-one": "00 ترليو",
              "10000000000000-count-two": "00 ترليو",
              "10000000000000-count-few": "00 ترليو",
              "10000000000000-count-many": "00 ترليو",
              "10000000000000-count-other": "00 ترليو",
              "100000000000000-count-zero": "000 ترليو",
              "100000000000000-count-one": "000 ترليو",
              "100000000000000-count-two": "000 ترليو",
              "100000000000000-count-few": "000 ترليو",
              "100000000000000-count-many": "000 ترليو",
              "100000000000000-count-other": "000 ترليو"
            }
          }
        },
        "scientificFormats-numberSystem-arab": {
          "standard": "#E0"
        },
        "scientificFormats-numberSystem-latn": {
          "standard": "#E0"
        },
        "percentFormats-numberSystem-arab": {
          "standard": "#,##0%"
        },
        "percentFormats-numberSystem-latn": {
          "standard": "#,##0%"
        },
        "currencyFormats-numberSystem-arab": {
          "currencySpacing": {
            "beforeCurrency": {
              "currencyMatch": "[:^S:]",
              "surroundingMatch": "[:digit:]",
              "insertBetween": " "
            },
            "afterCurrency": {
              "currencyMatch": "[:^S:]",
              "surroundingMatch": "[:digit:]",
              "insertBetween": " "
            }
          },
          "accounting": "¤#,##0.00;(¤#,##0.00)",
          "standard": "¤ #,##0.00",
          "unitPattern-count-zero": "{0} {1}",
          "unitPattern-count-one": "{0} {1}",
          "unitPattern-count-two": "{0} {1}",
          "unitPattern-count-few": "{0} {1}",
          "unitPattern-count-many": "{0} {1}",
          "unitPattern-count-other": "{0} {1}"
        },
        "currencyFormats-numberSystem-latn": {
          "currencySpacing": {
            "beforeCurrency": {
              "currencyMatch": "[:^S:]",
              "surroundingMatch": "[:digit:]",
              "insertBetween": " "
            },
            "afterCurrency": {
              "currencyMatch": "[:^S:]",
              "surroundingMatch": "[:digit:]",
              "insertBetween": " "
            }
          },
          "accounting": "¤#,##0.00;(¤#,##0.00)",
          "standard": "¤ #,##0.00",
          "unitPattern-count-zero": "{0} {1}",
          "unitPattern-count-one": "{0} {1}",
          "unitPattern-count-two": "{0} {1}",
          "unitPattern-count-few": "{0} {1}",
          "unitPattern-count-many": "{0} {1}",
          "unitPattern-count-other": "{0} {1}"
        },
        "miscPatterns-numberSystem-arab": {
          "atLeast": "+{0}",
          "range": "{0}–{1}"
        },
        "miscPatterns-numberSystem-latn": {
          "atLeast": "+{0}",
          "range": "{0}–{1}"
        }
      }
    }
  }
}
