{
  "main": {
    "ar": {
      "identity": {
        "version": {
          "_cldrVersion": "25",
          "_number": "$Revision: 91 $"
        },
        "generation": {
          "_date": "$Date: 2014-03-13 22:27:12 -0500 (Thu, 13 Mar 2014) $"
        },
        "language": "ar"
      },
      "units": {
        "long": {
          "per": {
            "compoundUnitPattern": "{0} كل {1}"
          },
          "acceleration-g-force": {
            "unitPattern-count-zero": "{0} قوة تسارع",
            "unitPattern-count-one": "{0} قوة تسارع",
            "unitPattern-count-two": "{0} قوة تسارع",
            "unitPattern-count-few": "{0} قوة تسارع",
            "unitPattern-count-many": "{0} قوة تسارع",
            "unitPattern-count-other": "{0} قوة تسارع"
          },
          "angle-arc-minute": {
            "unitPattern-count-zero": "{0} من الدقائق",
            "unitPattern-count-one": "{0} دقيقة",
            "unitPattern-count-two": "دقيقتان ({0})",
            "unitPattern-count-few": "{0} دقائق",
            "unitPattern-count-many": "{0} دقيقة",
            "unitPattern-count-other": "{0} من الدقائق"
          },
          "angle-arc-second": {
            "unitPattern-count-zero": "{0} من الثواني",
            "unitPattern-count-one": "{0} ثانية",
            "unitPattern-count-two": "ثانيتان ({0})",
            "unitPattern-count-few": "{0} ثوانٍ",
            "unitPattern-count-many": "{0} ثانية",
            "unitPattern-count-other": "{0} من الثواني"
          },
          "angle-degree": {
            "unitPattern-count-zero": "{0} من الدرجات",
            "unitPattern-count-one": "{0} درجة",
            "unitPattern-count-two": "درجتان ({0})",
            "unitPattern-count-few": "{0} درجات",
            "unitPattern-count-many": "{0} درجة",
            "unitPattern-count-other": "{0} من الدرجات"
          },
          "area-acre": {
            "unitPattern-count-zero": "{0} من الفدادين",
            "unitPattern-count-one": "{0} فدان",
            "unitPattern-count-two": "فدانان ({0})",
            "unitPattern-count-few": "{0} فدادين",
            "unitPattern-count-many": "{0} فدانًا",
            "unitPattern-count-other": "{0} من الفدادين"
          },
          "area-hectare": {
            "unitPattern-count-zero": "{0} من الهكتارات",
            "unitPattern-count-one": "{0} هكتار",
            "unitPattern-count-two": "هكتاران ({0})",
            "unitPattern-count-few": "{0} هكتارات",
            "unitPattern-count-many": "{0} هكتارًا",
            "unitPattern-count-other": "{0} من الهكتارات"
          },
          "area-square-foot": {
            "unitPattern-count-zero": "{0} من الأقدام المربعة",
            "unitPattern-count-one": "{0} قدم مربعة",
            "unitPattern-count-two": "قدمان مربعان ({0})",
            "unitPattern-count-few": "{0} أقدام مربعة",
            "unitPattern-count-many": "{0} قدمًا مربعًا",
            "unitPattern-count-other": "{0} من الأقدام المربعة"
          },
          "area-square-kilometer": {
            "unitPattern-count-zero": "{0} كيلومتر مربع",
            "unitPattern-count-one": "{0} كيلومتر مربع",
            "unitPattern-count-two": "{0} كيلومتر مربع",
            "unitPattern-count-few": "{0} كيلومتر مربع",
            "unitPattern-count-many": "{0} كيلومتر مربع",
            "unitPattern-count-other": "{0} كيلومتر مربع"
          },
          "area-square-meter": {
            "unitPattern-count-zero": "{0} متر مربع",
            "unitPattern-count-one": "{0} متر مربع",
            "unitPattern-count-two": "{0} متر مربع",
            "unitPattern-count-few": "{0} متر مربع",
            "unitPattern-count-many": "{0} متر مربع",
            "unitPattern-count-other": "{0} متر مربع"
          },
          "area-square-mile": {
            "unitPattern-count-zero": "{0} ميل مربع",
            "unitPattern-count-one": "{0} ميل مربع",
            "unitPattern-count-two": "{0} ميل مربع",
            "unitPattern-count-few": "{0} ميل مربع",
            "unitPattern-count-many": "{0} ميل مربع",
            "unitPattern-count-other": "{0} ميل مربع"
          },
          "duration-day": {
            "unitPattern-count-zero": "{0} يوم",
            "unitPattern-count-one": "يوم",
            "unitPattern-count-two": "يومان",
            "unitPattern-count-few": "{0} أيام",
            "unitPattern-count-many": "{0} يوماً",
            "unitPattern-count-other": "{0} يوم"
          },
          "duration-hour": {
            "unitPattern-count-zero": "لا ساعات",
            "unitPattern-count-one": "ساعة",
            "unitPattern-count-two": "ساعتان",
            "unitPattern-count-few": "{0} ساعات",
            "unitPattern-count-many": "{0} ساعةً",
            "unitPattern-count-other": "{0} ساعة"
          },
          "duration-millisecond": {
            "unitPattern-count-zero": "{0} مللي ثانية",
            "unitPattern-count-one": "{0} مللي ثانية",
            "unitPattern-count-two": "{0} مللي ثانية",
            "unitPattern-count-few": "{0} مللي ثانية",
            "unitPattern-count-many": "{0} مللي ثانية",
            "unitPattern-count-other": "{0} مللي ثانية"
          },
          "duration-minute": {
            "unitPattern-count-zero": "لا دقائق",
            "unitPattern-count-one": "دقيقة",
            "unitPattern-count-two": "دقيقتان",
            "unitPattern-count-few": "{0} دقائق",
            "unitPattern-count-many": "{0} دقيقةً",
            "unitPattern-count-other": "{0} دقيقة"
          },
          "duration-month": {
            "unitPattern-count-zero": "لا أشهر",
            "unitPattern-count-one": "شهر",
            "unitPattern-count-two": "شهران",
            "unitPattern-count-few": "{0} أشهر",
            "unitPattern-count-many": "{0} شهراً",
            "unitPattern-count-other": "{0} شهر"
          },
          "duration-second": {
            "unitPattern-count-zero": "لا ثوان",
            "unitPattern-count-one": "ثانية",
            "unitPattern-count-two": "ثانيتان",
            "unitPattern-count-few": "{0} ثوان",
            "unitPattern-count-many": "{0} ثانيةً",
            "unitPattern-count-other": "{0} ثانية"
          },
          "duration-week": {
            "unitPattern-count-zero": "لا أسابيع",
            "unitPattern-count-one": "أسبوع",
            "unitPattern-count-two": "أسبوعان",
            "unitPattern-count-few": "{0} أسابيع",
            "unitPattern-count-many": "{0} أسبوعاً",
            "unitPattern-count-other": "{0} أسبوع"
          },
          "duration-year": {
            "unitPattern-count-zero": "لا سنوات",
            "unitPattern-count-one": "سنة",
            "unitPattern-count-two": "سنتان",
            "unitPattern-count-few": "{0} سنوات",
            "unitPattern-count-many": "{0} سنة",
            "unitPattern-count-other": "{0} سنة"
          },
          "length-centimeter": {
            "unitPattern-count-zero": "{0} سنتيمتر",
            "unitPattern-count-one": "{0} سنتيمتر",
            "unitPattern-count-two": "{0} سنتيمتر",
            "unitPattern-count-few": "{0} سنتيمتر",
            "unitPattern-count-many": "{0} سنتيمتر",
            "unitPattern-count-other": "{0} سنتيمتر"
          },
          "length-foot": {
            "unitPattern-count-zero": "{0} من الأقدام",
            "unitPattern-count-one": "{0} قدم",
            "unitPattern-count-two": "قدمان ({0})",
            "unitPattern-count-few": "{0} أقدام",
            "unitPattern-count-many": "{0} قدمًا",
            "unitPattern-count-other": "{0} من الأقدام"
          },
          "length-inch": {
            "unitPattern-count-zero": "{0} بوصة",
            "unitPattern-count-one": "{0} بوصة",
            "unitPattern-count-two": "{0} بوصة",
            "unitPattern-count-few": "{0} بوصة",
            "unitPattern-count-many": "{0} بوصة",
            "unitPattern-count-other": "{0} بوصة"
          },
          "length-kilometer": {
            "unitPattern-count-zero": "{0} كيلومتر",
            "unitPattern-count-one": "{0} كيلومتر",
            "unitPattern-count-two": "{0} كيلومتر",
            "unitPattern-count-few": "{0} كيلومتر",
            "unitPattern-count-many": "{0} كيلومتر",
            "unitPattern-count-other": "{0} كيلومتر"
          },
          "length-light-year": {
            "unitPattern-count-zero": "{0} من السنوات الضوئية",
            "unitPattern-count-one": "{0} سنة ضوئية",
            "unitPattern-count-two": "سنتان ضوئيتان ({0})",
            "unitPattern-count-few": "{0} سنوات ضوئية",
            "unitPattern-count-many": "{0} سنة ضوئية",
            "unitPattern-count-other": "{0} من السنوات الضوئية"
          },
          "length-meter": {
            "unitPattern-count-zero": "{0} من الأمتار",
            "unitPattern-count-one": "{0} متر",
            "unitPattern-count-two": "متران ({0})",
            "unitPattern-count-few": "{0} أمتار",
            "unitPattern-count-many": "{0} مترًا",
            "unitPattern-count-other": "{0} من الأمتار"
          },
          "length-mile": {
            "unitPattern-count-zero": "{0} من الأميال",
            "unitPattern-count-one": "{0} ميل",
            "unitPattern-count-two": "ميلان ({0})",
            "unitPattern-count-few": "{0} أميال",
            "unitPattern-count-many": "{0} ميلاً",
            "unitPattern-count-other": "{0} من الأميال"
          },
          "length-millimeter": {
            "unitPattern-count-zero": "{0} ملليمتر",
            "unitPattern-count-one": "{0} ملليمتر",
            "unitPattern-count-two": "{0} ملليمتر",
            "unitPattern-count-few": "{0} ملليمتر",
            "unitPattern-count-many": "{0} ملليمتر",
            "unitPattern-count-other": "{0} ملليمتر"
          },
          "length-picometer": {
            "unitPattern-count-zero": "{0} بيكومتر",
            "unitPattern-count-one": "{0} بيكومتر",
            "unitPattern-count-two": "{0} بيكومتر",
            "unitPattern-count-few": "{0} بيكومتر",
            "unitPattern-count-many": "{0} بيكومتر",
            "unitPattern-count-other": "{0} بيكومتر"
          },
          "length-yard": {
            "unitPattern-count-zero": "{0} من الياردات",
            "unitPattern-count-one": "{0} ياردة",
            "unitPattern-count-two": "ياردتان ({0})",
            "unitPattern-count-few": "{0} ياردات",
            "unitPattern-count-many": "{0} ياردة",
            "unitPattern-count-other": "{0} من الياردات"
          },
          "mass-gram": {
            "unitPattern-count-zero": "{0} من الغرامات",
            "unitPattern-count-one": "{0} غرام",
            "unitPattern-count-two": "غرامان ({0})",
            "unitPattern-count-few": "{0} غرامات",
            "unitPattern-count-many": "{0} غرامًا",
            "unitPattern-count-other": "{0} من الغرامات"
          },
          "mass-kilogram": {
            "unitPattern-count-zero": "{0} كيلوغرام",
            "unitPattern-count-one": "{0} كيلوغرام",
            "unitPattern-count-two": "{0} كيلوغرام",
            "unitPattern-count-few": "{0} كيلوغرام",
            "unitPattern-count-many": "{0} كيلوغرام",
            "unitPattern-count-other": "{0} كيلوغرام"
          },
          "mass-ounce": {
            "unitPattern-count-zero": "{0} أونس",
            "unitPattern-count-one": "{0} أونس",
            "unitPattern-count-two": "{0} أونس",
            "unitPattern-count-few": "{0} أونس",
            "unitPattern-count-many": "{0} أونس",
            "unitPattern-count-other": "{0} أونس"
          },
          "mass-pound": {
            "unitPattern-count-zero": "{0} رطل",
            "unitPattern-count-one": "{0} رطل",
            "unitPattern-count-two": "{0} رطل",
            "unitPattern-count-few": "{0} رطل",
            "unitPattern-count-many": "{0} رطل",
            "unitPattern-count-other": "{0} رطل"
          },
          "power-horsepower": {
            "unitPattern-count-zero": "{0} قوة حصان",
            "unitPattern-count-one": "{0} قوة حصان",
            "unitPattern-count-two": "{0} قوة حصان",
            "unitPattern-count-few": "{0} قوة حصان",
            "unitPattern-count-many": "{0} قوة حصان",
            "unitPattern-count-other": "{0} قوة حصان"
          },
          "power-kilowatt": {
            "unitPattern-count-zero": "{0} كيلوواط",
            "unitPattern-count-one": "{0} كيلوواط",
            "unitPattern-count-two": "{0} كيلوواط",
            "unitPattern-count-few": "{0} كيلوواط",
            "unitPattern-count-many": "{0} كيلوواط",
            "unitPattern-count-other": "{0} كيلوواط"
          },
          "power-watt": {
            "unitPattern-count-zero": "{0} واط",
            "unitPattern-count-one": "{0} واط",
            "unitPattern-count-two": "{0} واط",
            "unitPattern-count-few": "{0} واط",
            "unitPattern-count-many": "{0} واط",
            "unitPattern-count-other": "{0} واط"
          },
          "pressure-hectopascal": {
            "unitPattern-count-zero": "{0} هكتوباسكال",
            "unitPattern-count-one": "{0} هكتوباسكال",
            "unitPattern-count-two": "{0} هكتوباسكال",
            "unitPattern-count-few": "{0} هكتوباسكال",
            "unitPattern-count-many": "{0} هكتوباسكال",
            "unitPattern-count-other": "{0} هكتوباسكال"
          },
          "pressure-inch-hg": {
            "unitPattern-count-zero": "{0} بوصة زئبقية",
            "unitPattern-count-one": "{0} بوصة زئبقية",
            "unitPattern-count-two": "{0} بوصة زئبقية",
            "unitPattern-count-few": "{0} بوصة زئبقية",
            "unitPattern-count-many": "{0} بوصة زئبقية",
            "unitPattern-count-other": "{0} بوصة زئبقية"
          },
          "pressure-millibar": {
            "unitPattern-count-zero": "{0} مللي بار",
            "unitPattern-count-one": "{0} مللي بار",
            "unitPattern-count-two": "{0} مللي بار",
            "unitPattern-count-few": "{0} مللي بار",
            "unitPattern-count-many": "{0} مللي بار",
            "unitPattern-count-other": "{0} مللي بار"
          },
          "speed-kilometer-per-hour": {
            "unitPattern-count-zero": "{0} كيلومتر في الساعة",
            "unitPattern-count-one": "{0} كيلومتر في الساعة",
            "unitPattern-count-two": "{0} كيلومتر في الساعة",
            "unitPattern-count-few": "{0} كيلومتر في الساعة",
            "unitPattern-count-many": "{0} كيلومتر في الساعة",
            "unitPattern-count-other": "{0} كيلومتر في الساعة"
          },
          "speed-meter-per-second": {
            "unitPattern-count-zero": "{0} متر في الثانية",
            "unitPattern-count-one": "{0} متر في الثانية",
            "unitPattern-count-two": "{0} متر في الثانية",
            "unitPattern-count-few": "{0} متر في الثانية",
            "unitPattern-count-many": "{0} متر في الثانية",
            "unitPattern-count-other": "{0} متر في الثانية"
          },
          "speed-mile-per-hour": {
            "unitPattern-count-zero": "{0} ميل في الساعة",
            "unitPattern-count-one": "{0} ميل في الساعة",
            "unitPattern-count-two": "{0} ميل في الساعة",
            "unitPattern-count-few": "{0} ميل في الساعة",
            "unitPattern-count-many": "{0} ميل في الساعة",
            "unitPattern-count-other": "{0} ميل في الساعة"
          },
          "temperature-celsius": {
            "unitPattern-count-zero": "{0} درجة سلزيوس",
            "unitPattern-count-one": "{0} درجة سلزيوس",
            "unitPattern-count-two": "{0} درجة سلزيوس",
            "unitPattern-count-few": "{0} درجة سلزيوس",
            "unitPattern-count-many": "{0} درجة سلزيوس",
            "unitPattern-count-other": "{0} درجة سلزيوس"
          },
          "temperature-fahrenheit": {
            "unitPattern-count-zero": "{0} درجة فهرنهايت",
            "unitPattern-count-one": "{0} درجة فهرنهايت",
            "unitPattern-count-two": "{0} درجة فهرنهايت",
            "unitPattern-count-few": "{0} درجة فهرنهايت",
            "unitPattern-count-many": "{0} درجة فهرنهايت",
            "unitPattern-count-other": "{0} درجة فهرنهايت"
          },
          "volume-cubic-kilometer": {
            "unitPattern-count-zero": "{0} كيلومتر مكعب",
            "unitPattern-count-one": "{0} كيلومتر مكعب",
            "unitPattern-count-two": "{0} كيلومتر مكعب",
            "unitPattern-count-few": "{0} كيلومتر مكعب",
            "unitPattern-count-many": "{0} كيلومتر مكعب",
            "unitPattern-count-other": "{0} كيلومتر مكعب"
          },
          "volume-cubic-mile": {
            "unitPattern-count-zero": "{0} ميل مكعب",
            "unitPattern-count-one": "{0} ميل مكعب",
            "unitPattern-count-two": "{0} ميل مكعب",
            "unitPattern-count-few": "{0} ميل مكعب",
            "unitPattern-count-many": "{0} ميل مكعب",
            "unitPattern-count-other": "{0} ميل مكعب"
          },
          "volume-liter": {
            "unitPattern-count-zero": "{0} من اللترات",
            "unitPattern-count-one": "{0} لتر",
            "unitPattern-count-two": "لتران ({0})",
            "unitPattern-count-few": "{0} لترات",
            "unitPattern-count-many": "{0} لترًا",
            "unitPattern-count-other": "{0} من اللترات"
          }
        },
        "short": {
          "per": {
            "compoundUnitPattern": "{0}/{1}"
          },
          "acceleration-g-force": {
            "unitPattern-count-zero": "{0} قوة تسارع",
            "unitPattern-count-one": "{0} قوة تسارع",
            "unitPattern-count-two": "{0} قوة تسارع",
            "unitPattern-count-few": "{0} قوة تسارع",
            "unitPattern-count-many": "{0} قوة تسارع",
            "unitPattern-count-other": "{0} قوة تسارع"
          },
          "angle-arc-minute": {
            "unitPattern-count-zero": "{0} من الدقائق",
            "unitPattern-count-one": "{0} دقيقة",
            "unitPattern-count-two": "دقيقتان ({0})",
            "unitPattern-count-few": "{0} دقائق",
            "unitPattern-count-many": "{0} دقيقة",
            "unitPattern-count-other": "{0} من الدقائق"
          },
          "angle-arc-second": {
            "unitPattern-count-zero": "{0} من الثواني",
            "unitPattern-count-one": "{0} ثانية",
            "unitPattern-count-two": "ثانيتان ({0})",
            "unitPattern-count-few": "{0} ثوانٍ",
            "unitPattern-count-many": "{0} ثانية",
            "unitPattern-count-other": "{0} من الثواني"
          },
          "angle-degree": {
            "unitPattern-count-zero": "{0} من الدرجات",
            "unitPattern-count-one": "{0} درجة",
            "unitPattern-count-two": "درجتان ({0})",
            "unitPattern-count-few": "{0} درجات",
            "unitPattern-count-many": "{0} درجة",
            "unitPattern-count-other": "{0} من الدرجات"
          },
          "area-acre": {
            "unitPattern-count-zero": "{0} من الفدادين",
            "unitPattern-count-one": "{0} فدان",
            "unitPattern-count-two": "فدانان ({0})",
            "unitPattern-count-few": "{0} فدادين",
            "unitPattern-count-many": "{0} فدانًا",
            "unitPattern-count-other": "{0} من الفدادين"
          },
          "area-hectare": {
            "unitPattern-count-zero": "{0} من الهكتارات",
            "unitPattern-count-one": "{0} هكتار",
            "unitPattern-count-two": "هكتاران ({0})",
            "unitPattern-count-few": "{0} هكتارات",
            "unitPattern-count-many": "{0} هكتارًا",
            "unitPattern-count-other": "{0} من الهكتارات"
          },
          "area-square-foot": {
            "unitPattern-count-zero": "{0} من الأقدام المربعة",
            "unitPattern-count-one": "{0} قدم مربعة",
            "unitPattern-count-two": "قدمان مربعان ({0})",
            "unitPattern-count-few": "{0} أقدام مربعة",
            "unitPattern-count-many": "{0} قدمًا مربعًا",
            "unitPattern-count-other": "{0} من الأقدام المربعة"
          },
          "area-square-kilometer": {
            "unitPattern-count-zero": "{0} كم²",
            "unitPattern-count-one": "{0} كم²",
            "unitPattern-count-two": "{0} كم²",
            "unitPattern-count-few": "{0} كم²",
            "unitPattern-count-many": "{0} كم²",
            "unitPattern-count-other": "{0} كم²"
          },
          "area-square-meter": {
            "unitPattern-count-zero": "{0} م²",
            "unitPattern-count-one": "{0} م²",
            "unitPattern-count-two": "{0} م²",
            "unitPattern-count-few": "{0} م²",
            "unitPattern-count-many": "{0} م²",
            "unitPattern-count-other": "{0} م²"
          },
          "area-square-mile": {
            "unitPattern-count-zero": "{0} ميل مربع",
            "unitPattern-count-one": "{0} ميل مربع",
            "unitPattern-count-two": "{0} ميل مربع",
            "unitPattern-count-few": "{0} ميل مربع",
            "unitPattern-count-many": "{0} ميل مربع",
            "unitPattern-count-other": "{0} ميل مربع"
          },
          "duration-day": {
            "unitPattern-count-zero": "لا أيام",
            "unitPattern-count-one": "يوم",
            "unitPattern-count-two": "يومان",
            "unitPattern-count-few": "{0} أيام",
            "unitPattern-count-many": "{0} يوماً",
            "unitPattern-count-other": "{0} يوم"
          },
          "duration-hour": {
            "unitPattern-count-zero": "لا ساعات",
            "unitPattern-count-one": "ساعة",
            "unitPattern-count-two": "ساعتان",
            "unitPattern-count-few": "{0} س",
            "unitPattern-count-many": "{0} س",
            "unitPattern-count-other": "{0} س"
          },
          "duration-millisecond": {
            "unitPattern-count-zero": "{0} مللي ث.",
            "unitPattern-count-one": "{0} مللي ث.",
            "unitPattern-count-two": "{0} مللي ث.",
            "unitPattern-count-few": "{0} مللي ث.",
            "unitPattern-count-many": "{0} مللي ث.",
            "unitPattern-count-other": "{0} مللي ث."
          },
          "duration-minute": {
            "unitPattern-count-zero": "لا دقائق",
            "unitPattern-count-one": "دقيقة",
            "unitPattern-count-two": "دقيقتان",
            "unitPattern-count-few": "{0} د",
            "unitPattern-count-many": "{0} د",
            "unitPattern-count-other": "{0} د"
          },
          "duration-month": {
            "unitPattern-count-zero": "لا أشهر",
            "unitPattern-count-one": "شهر",
            "unitPattern-count-two": "شهران",
            "unitPattern-count-few": "{0} أشهر",
            "unitPattern-count-many": "{0} شهراً",
            "unitPattern-count-other": "{0} شهر"
          },
          "duration-second": {
            "unitPattern-count-zero": "لا ثوان",
            "unitPattern-count-one": "ثانية",
            "unitPattern-count-two": "ثانيتان",
            "unitPattern-count-few": "{0} ث",
            "unitPattern-count-many": "{0} ث",
            "unitPattern-count-other": "{0} ث"
          },
          "duration-week": {
            "unitPattern-count-zero": "لا أسابيع",
            "unitPattern-count-one": "أسبوع",
            "unitPattern-count-two": "أسبوعان",
            "unitPattern-count-few": "{0} أسابيع",
            "unitPattern-count-many": "{0} أسبوعاً",
            "unitPattern-count-other": "{0} أسبوع"
          },
          "duration-year": {
            "unitPattern-count-zero": "لا سنوات",
            "unitPattern-count-one": "سنة",
            "unitPattern-count-two": "سنتان",
            "unitPattern-count-few": "{0} سنوات",
            "unitPattern-count-many": "{0} سنة",
            "unitPattern-count-other": "{0} سنة"
          },
          "length-centimeter": {
            "unitPattern-count-zero": "{0} سم",
            "unitPattern-count-one": "{0} سم",
            "unitPattern-count-two": "{0} سم",
            "unitPattern-count-few": "{0} سم",
            "unitPattern-count-many": "{0} سم",
            "unitPattern-count-other": "{0} سم"
          },
          "length-foot": {
            "unitPattern-count-zero": "{0} من الأقدام",
            "unitPattern-count-one": "{0} قدم",
            "unitPattern-count-two": "قدمان ({0})",
            "unitPattern-count-few": "{0} أقدام",
            "unitPattern-count-many": "{0} قدمًا",
            "unitPattern-count-other": "{0} من الأقدام"
          },
          "length-inch": {
            "unitPattern-count-zero": "{0} بوصة",
            "unitPattern-count-one": "{0} بوصة",
            "unitPattern-count-two": "{0} بوصة",
            "unitPattern-count-few": "{0} بوصة",
            "unitPattern-count-many": "{0} بوصة",
            "unitPattern-count-other": "{0} بوصة"
          },
          "length-kilometer": {
            "unitPattern-count-zero": "{0} كم",
            "unitPattern-count-one": "{0} كم",
            "unitPattern-count-two": "{0} كم",
            "unitPattern-count-few": "{0} كم",
            "unitPattern-count-many": "{0} كم",
            "unitPattern-count-other": "{0} كم"
          },
          "length-light-year": {
            "unitPattern-count-zero": "{0} من السنوات الضوئية",
            "unitPattern-count-one": "{0} سنة ضوئية",
            "unitPattern-count-two": "سنتان ضوئيتان ({0})",
            "unitPattern-count-few": "{0} سنوات ضوئية",
            "unitPattern-count-many": "{0} سنة ضوئية",
            "unitPattern-count-other": "{0} من السنوات الضوئية"
          },
          "length-meter": {
            "unitPattern-count-zero": "{0} من الأمتار",
            "unitPattern-count-one": "{0} متر",
            "unitPattern-count-two": "متران ({0})",
            "unitPattern-count-few": "{0} أمتار",
            "unitPattern-count-many": "{0} مترًا",
            "unitPattern-count-other": "{0} من الأمتار"
          },
          "length-mile": {
            "unitPattern-count-zero": "{0} من الأميال",
            "unitPattern-count-one": "{0} ميل",
            "unitPattern-count-two": "ميلان ({0})",
            "unitPattern-count-few": "{0} أميال",
            "unitPattern-count-many": "{0} ميلاً",
            "unitPattern-count-other": "{0} من الأميال"
          },
          "length-millimeter": {
            "unitPattern-count-zero": "{0} ملليمتر",
            "unitPattern-count-one": "{0} ملليمتر",
            "unitPattern-count-two": "{0} ملليمتر",
            "unitPattern-count-few": "{0} ملليمتر",
            "unitPattern-count-many": "{0} ملليمتر",
            "unitPattern-count-other": "{0} ملليمتر"
          },
          "length-picometer": {
            "unitPattern-count-zero": "{0} بيكومتر",
            "unitPattern-count-one": "{0} بيكومتر",
            "unitPattern-count-two": "{0} بيكومتر",
            "unitPattern-count-few": "{0} بيكومتر",
            "unitPattern-count-many": "{0} بيكومتر",
            "unitPattern-count-other": "{0} بيكومتر"
          },
          "length-yard": {
            "unitPattern-count-zero": "{0} من الياردات",
            "unitPattern-count-one": "{0} ياردة",
            "unitPattern-count-two": "ياردتان ({0})",
            "unitPattern-count-few": "{0} ياردات",
            "unitPattern-count-many": "{0} ياردة",
            "unitPattern-count-other": "{0} من الياردات"
          },
          "mass-gram": {
            "unitPattern-count-zero": "{0} من الغرامات",
            "unitPattern-count-one": "{0} غرام",
            "unitPattern-count-two": "غرامان ({0})",
            "unitPattern-count-few": "{0} غرامات",
            "unitPattern-count-many": "{0} غرامًا",
            "unitPattern-count-other": "{0} من الغرامات"
          },
          "mass-kilogram": {
            "unitPattern-count-zero": "{0} كغم",
            "unitPattern-count-one": "{0} كغم",
            "unitPattern-count-two": "{0} كغم",
            "unitPattern-count-few": "{0} كغم",
            "unitPattern-count-many": "{0} كغم",
            "unitPattern-count-other": "{0} كغم"
          },
          "mass-ounce": {
            "unitPattern-count-zero": "{0} أونس",
            "unitPattern-count-one": "{0} أونس",
            "unitPattern-count-two": "{0} أونس",
            "unitPattern-count-few": "{0} أونس",
            "unitPattern-count-many": "{0} أونس",
            "unitPattern-count-other": "{0} أونس"
          },
          "mass-pound": {
            "unitPattern-count-zero": "{0} رطل",
            "unitPattern-count-one": "{0} رطل",
            "unitPattern-count-two": "{0} رطل",
            "unitPattern-count-few": "{0} رطل",
            "unitPattern-count-many": "{0} رطل",
            "unitPattern-count-other": "{0} رطل"
          },
          "power-horsepower": {
            "unitPattern-count-zero": "{0} قوة حصان",
            "unitPattern-count-one": "{0} قوة حصان",
            "unitPattern-count-two": "{0} قوة حصان",
            "unitPattern-count-few": "{0} قوة حصان",
            "unitPattern-count-many": "{0} قوة حصان",
            "unitPattern-count-other": "{0} قوة حصان"
          },
          "power-kilowatt": {
            "unitPattern-count-zero": "{0} كيلوواط",
            "unitPattern-count-one": "{0} كيلوواط",
            "unitPattern-count-two": "{0} كيلوواط",
            "unitPattern-count-few": "{0} كيلوواط",
            "unitPattern-count-many": "{0} كيلوواط",
            "unitPattern-count-other": "{0} كيلوواط"
          },
          "power-watt": {
            "unitPattern-count-zero": "{0} واط",
            "unitPattern-count-one": "{0} واط",
            "unitPattern-count-two": "{0} واط",
            "unitPattern-count-few": "{0} واط",
            "unitPattern-count-many": "{0} واط",
            "unitPattern-count-other": "{0} واط"
          },
          "pressure-hectopascal": {
            "unitPattern-count-zero": "{0} هكتوباسكال",
            "unitPattern-count-one": "{0} هكتوباسكال",
            "unitPattern-count-two": "{0} هكتوباسكال",
            "unitPattern-count-few": "{0} هكتوباسكال",
            "unitPattern-count-many": "{0} هكتوباسكال",
            "unitPattern-count-other": "{0} هكتوباسكال"
          },
          "pressure-inch-hg": {
            "unitPattern-count-zero": "{0} بوصة زئبقية",
            "unitPattern-count-one": "{0} بوصة زئبقية",
            "unitPattern-count-two": "{0} بوصة زئبقية",
            "unitPattern-count-few": "{0} بوصة زئبقية",
            "unitPattern-count-many": "{0} بوصة زئبقية",
            "unitPattern-count-other": "{0} بوصة زئبقية"
          },
          "pressure-millibar": {
            "unitPattern-count-zero": "{0} مللي بار",
            "unitPattern-count-one": "{0} مللي بار",
            "unitPattern-count-two": "{0} مللي بار",
            "unitPattern-count-few": "{0} مللي بار",
            "unitPattern-count-many": "{0} مللي بار",
            "unitPattern-count-other": "{0} مللي بار"
          },
          "speed-kilometer-per-hour": {
            "unitPattern-count-zero": "{0} كم/س",
            "unitPattern-count-one": "{0} كم/س",
            "unitPattern-count-two": "{0} كم/س",
            "unitPattern-count-few": "{0} كم/س",
            "unitPattern-count-many": "{0} كم/س",
            "unitPattern-count-other": "{0} كم/س"
          },
          "speed-meter-per-second": {
            "unitPattern-count-zero": "{0} م/ث",
            "unitPattern-count-one": "{0} م/ث",
            "unitPattern-count-two": "{0} م/ث",
            "unitPattern-count-few": "{0} م/ث",
            "unitPattern-count-many": "{0} م/ث",
            "unitPattern-count-other": "{0} م/ث"
          },
          "speed-mile-per-hour": {
            "unitPattern-count-zero": "{0} ميل/س",
            "unitPattern-count-one": "{0} ميل/س",
            "unitPattern-count-two": "{0} ميل/س",
            "unitPattern-count-few": "{0} ميل/س",
            "unitPattern-count-many": "{0} ميل/س",
            "unitPattern-count-other": "{0} ميل/س"
          },
          "temperature-celsius": {
            "unitPattern-count-zero": "{0} درجة سلزيوس",
            "unitPattern-count-one": "{0} درجة سلزيوس",
            "unitPattern-count-two": "{0} درجة سلزيوس",
            "unitPattern-count-few": "{0} درجة سلزيوس",
            "unitPattern-count-many": "{0} درجة سلزيوس",
            "unitPattern-count-other": "{0} درجة سلزيوس"
          },
          "temperature-fahrenheit": {
            "unitPattern-count-zero": "{0} درجة فهرنهايت",
            "unitPattern-count-one": "{0} درجة فهرنهايت",
            "unitPattern-count-two": "{0} درجة فهرنهايت",
            "unitPattern-count-few": "{0} درجة فهرنهايت",
            "unitPattern-count-many": "{0} درجة فهرنهايت",
            "unitPattern-count-other": "{0} درجة فهرنهايت"
          },
          "volume-cubic-kilometer": {
            "unitPattern-count-zero": "{0} كم³",
            "unitPattern-count-one": "{0} كم³",
            "unitPattern-count-two": "{0} كم³",
            "unitPattern-count-few": "{0} كم³",
            "unitPattern-count-many": "{0} كم³",
            "unitPattern-count-other": "{0} كم³"
          },
          "volume-cubic-mile": {
            "unitPattern-count-zero": "{0} ميل مكعب",
            "unitPattern-count-one": "{0} ميل مكعب",
            "unitPattern-count-two": "{0} ميل مكعب",
            "unitPattern-count-few": "{0} ميل مكعب",
            "unitPattern-count-many": "{0} ميل مكعب",
            "unitPattern-count-other": "{0} ميل مكعب"
          },
          "volume-liter": {
            "unitPattern-count-zero": "{0} من اللترات",
            "unitPattern-count-one": "{0} لتر",
            "unitPattern-count-two": "لتران ({0})",
            "unitPattern-count-few": "{0} لترات",
            "unitPattern-count-many": "{0} لترًا",
            "unitPattern-count-other": "{0} من اللترات"
          }
        },
        "narrow": {
          "per": {
            "compoundUnitPattern": "{0}/{1}"
          },
          "acceleration-g-force": {
            "unitPattern-count-zero": "{0} قوة تسارع",
            "unitPattern-count-one": "{0} قوة تسارع",
            "unitPattern-count-two": "{0} قوة تسارع",
            "unitPattern-count-few": "{0} قوة تسارع",
            "unitPattern-count-many": "{0} قوة تسارع",
            "unitPattern-count-other": "{0} قوة تسارع"
          },
          "angle-arc-minute": {
            "unitPattern-count-zero": "{0}′",
            "unitPattern-count-one": "{0} دقيقة",
            "unitPattern-count-two": "{0}′",
            "unitPattern-count-few": "{0} دقائق",
            "unitPattern-count-many": "{0} دقيقة",
            "unitPattern-count-other": "{0}′"
          },
          "angle-arc-second": {
            "unitPattern-count-zero": "{0}″",
            "unitPattern-count-one": "{0}″",
            "unitPattern-count-two": "{0}″",
            "unitPattern-count-few": "{0}″",
            "unitPattern-count-many": "{0}″",
            "unitPattern-count-other": "{0}″"
          },
          "angle-degree": {
            "unitPattern-count-zero": "{0} درجة",
            "unitPattern-count-one": "{0} درجة",
            "unitPattern-count-two": "درجتان ({0})",
            "unitPattern-count-few": "{0} درجات",
            "unitPattern-count-many": "{0} درجة",
            "unitPattern-count-other": "{0} درجة"
          },
          "area-acre": {
            "unitPattern-count-zero": "{0} من الفدادين",
            "unitPattern-count-one": "{0} فدان",
            "unitPattern-count-two": "فدانان ({0})",
            "unitPattern-count-few": "{0} فدادين",
            "unitPattern-count-many": "{0} فدانًا",
            "unitPattern-count-other": "{0} من الفدادين"
          },
          "area-hectare": {
            "unitPattern-count-zero": "{0} هكت",
            "unitPattern-count-one": "{0} هكتار",
            "unitPattern-count-two": "{0} هكت",
            "unitPattern-count-few": "{0} هكتارات",
            "unitPattern-count-many": "{0} هكتارًا",
            "unitPattern-count-other": "{0} هكت"
          },
          "area-square-foot": {
            "unitPattern-count-zero": "{0}ft²",
            "unitPattern-count-one": "{0}ft²",
            "unitPattern-count-two": "{0}ft²",
            "unitPattern-count-few": "{0}ft²",
            "unitPattern-count-many": "{0}ft²",
            "unitPattern-count-other": "{0}ft²"
          },
          "area-square-kilometer": {
            "unitPattern-count-zero": "{0} كم²",
            "unitPattern-count-one": "{0} كم²",
            "unitPattern-count-two": "{0} كم²",
            "unitPattern-count-few": "{0} كم²",
            "unitPattern-count-many": "{0} كم²",
            "unitPattern-count-other": "{0} كم²"
          },
          "area-square-meter": {
            "unitPattern-count-zero": "{0} م²",
            "unitPattern-count-one": "{0} م²",
            "unitPattern-count-two": "{0} م²",
            "unitPattern-count-few": "{0} م²",
            "unitPattern-count-many": "{0} م²",
            "unitPattern-count-other": "{0} م²"
          },
          "area-square-mile": {
            "unitPattern-count-zero": "{0} ميل مربع",
            "unitPattern-count-one": "{0} ميل مربع",
            "unitPattern-count-two": "{0} ميل مربع",
            "unitPattern-count-few": "{0} ميل مربع",
            "unitPattern-count-many": "{0} ميل مربع",
            "unitPattern-count-other": "{0} ميل مربع"
          },
          "duration-day": {
            "unitPattern-count-zero": "{0} يوم",
            "unitPattern-count-one": "{0} يوم",
            "unitPattern-count-two": "{0} يوم",
            "unitPattern-count-few": "{0} يوم",
            "unitPattern-count-many": "{0} يوم",
            "unitPattern-count-other": "{0} يوم"
          },
          "duration-hour": {
            "unitPattern-count-zero": "{0} س",
            "unitPattern-count-one": "{0} س",
            "unitPattern-count-two": "{0} س",
            "unitPattern-count-few": "{0} س",
            "unitPattern-count-many": "{0} س",
            "unitPattern-count-other": "{0} س"
          },
          "duration-millisecond": {
            "unitPattern-count-zero": "{0} مللي ث.",
            "unitPattern-count-one": "{0} مللي ث.",
            "unitPattern-count-two": "{0} مللي ث.",
            "unitPattern-count-few": "{0} مللي ث.",
            "unitPattern-count-many": "{0} مللي ث.",
            "unitPattern-count-other": "{0} مللي ث."
          },
          "duration-minute": {
            "unitPattern-count-zero": "{0} د",
            "unitPattern-count-one": "{0} د",
            "unitPattern-count-two": "{0} د",
            "unitPattern-count-few": "{0} د",
            "unitPattern-count-many": "{0} د",
            "unitPattern-count-other": "{0} د"
          },
          "duration-month": {
            "unitPattern-count-zero": "{0} شهر",
            "unitPattern-count-one": "{0} شهر",
            "unitPattern-count-two": "{0} شهر",
            "unitPattern-count-few": "{0} شهر",
            "unitPattern-count-many": "{0} شهر",
            "unitPattern-count-other": "{0} شهر"
          },
          "duration-second": {
            "unitPattern-count-zero": "{0} ث",
            "unitPattern-count-one": "{0} ث",
            "unitPattern-count-two": "{0} ث",
            "unitPattern-count-few": "{0} ث",
            "unitPattern-count-many": "{0} ث",
            "unitPattern-count-other": "{0} ث"
          },
          "duration-week": {
            "unitPattern-count-zero": "{0} أسبوع",
            "unitPattern-count-one": "{0} أسبوع",
            "unitPattern-count-two": "{0} أسبوع",
            "unitPattern-count-few": "{0} أسبوع",
            "unitPattern-count-many": "{0} أسبوع",
            "unitPattern-count-other": "{0} أسبوع"
          },
          "duration-year": {
            "unitPattern-count-zero": "{0} سنة",
            "unitPattern-count-one": "{0} سنة",
            "unitPattern-count-two": "{0} سنة",
            "unitPattern-count-few": "{0} سنة",
            "unitPattern-count-many": "{0} سنة",
            "unitPattern-count-other": "{0} سنة"
          },
          "length-centimeter": {
            "unitPattern-count-zero": "{0} سم",
            "unitPattern-count-one": "{0} سم",
            "unitPattern-count-two": "{0} سم",
            "unitPattern-count-few": "{0} سم",
            "unitPattern-count-many": "{0} سم",
            "unitPattern-count-other": "{0} سم"
          },
          "length-foot": {
            "unitPattern-count-zero": "{0} من الأقدام",
            "unitPattern-count-one": "{0} قدم",
            "unitPattern-count-two": "قدمان ({0})",
            "unitPattern-count-few": "{0} أقدام",
            "unitPattern-count-many": "{0} قدمًا",
            "unitPattern-count-other": "{0} من الأقدام"
          },
          "length-inch": {
            "unitPattern-count-zero": "{0} بوصة",
            "unitPattern-count-one": "{0} بوصة",
            "unitPattern-count-two": "{0} بوصة",
            "unitPattern-count-few": "{0} بوصة",
            "unitPattern-count-many": "{0} بوصة",
            "unitPattern-count-other": "{0} بوصة"
          },
          "length-kilometer": {
            "unitPattern-count-zero": "{0} كم",
            "unitPattern-count-one": "{0} كم",
            "unitPattern-count-two": "{0} كم",
            "unitPattern-count-few": "{0} كم",
            "unitPattern-count-many": "{0} كم",
            "unitPattern-count-other": "{0} كم"
          },
          "length-light-year": {
            "unitPattern-count-zero": "{0}س ض",
            "unitPattern-count-one": "{0} س ض",
            "unitPattern-count-two": "{0} س ض",
            "unitPattern-count-few": "{0} س ض",
            "unitPattern-count-many": "{0} س ض",
            "unitPattern-count-other": "{0} س ض"
          },
          "length-meter": {
            "unitPattern-count-zero": "{0} من الأمتار",
            "unitPattern-count-one": "{0} متر",
            "unitPattern-count-two": "متران ({0})",
            "unitPattern-count-few": "{0} أمتار",
            "unitPattern-count-many": "{0} مترًا",
            "unitPattern-count-other": "{0} من الأمتار"
          },
          "length-mile": {
            "unitPattern-count-zero": "{0} من الأميال",
            "unitPattern-count-one": "{0} ميل",
            "unitPattern-count-two": "ميلان ({0})",
            "unitPattern-count-few": "{0} أميال",
            "unitPattern-count-many": "{0} ميلاً",
            "unitPattern-count-other": "{0} من الأميال"
          },
          "length-millimeter": {
            "unitPattern-count-zero": "{0} ملليمتر",
            "unitPattern-count-one": "{0} ملليمتر",
            "unitPattern-count-two": "{0} ملليمتر",
            "unitPattern-count-few": "{0} ملليمتر",
            "unitPattern-count-many": "{0} ملليمتر",
            "unitPattern-count-other": "{0} ملليمتر"
          },
          "length-picometer": {
            "unitPattern-count-zero": "{0} بيكومتر",
            "unitPattern-count-one": "{0} بيكومتر",
            "unitPattern-count-two": "{0} بيكومتر",
            "unitPattern-count-few": "{0} بيكومتر",
            "unitPattern-count-many": "{0} بيكومتر",
            "unitPattern-count-other": "{0} بيكومتر"
          },
          "length-yard": {
            "unitPattern-count-zero": "{0} من الياردات",
            "unitPattern-count-one": "{0} ياردة",
            "unitPattern-count-two": "ياردتان ({0})",
            "unitPattern-count-few": "{0} ياردات",
            "unitPattern-count-many": "{0} ياردة",
            "unitPattern-count-other": "{0} من الياردات"
          },
          "mass-gram": {
            "unitPattern-count-zero": "{0} غ",
            "unitPattern-count-one": "{0} غرام",
            "unitPattern-count-two": "غرامان ({0})",
            "unitPattern-count-few": "{0} غرامات",
            "unitPattern-count-many": "{0} غرامًا",
            "unitPattern-count-other": "{0}غ"
          },
          "mass-kilogram": {
            "unitPattern-count-zero": "{0} كغم",
            "unitPattern-count-one": "{0} كغم",
            "unitPattern-count-two": "{0} كغم",
            "unitPattern-count-few": "{0} كغم",
            "unitPattern-count-many": "{0} كغم",
            "unitPattern-count-other": "{0} كغم"
          },
          "mass-ounce": {
            "unitPattern-count-zero": "{0} أونس",
            "unitPattern-count-one": "{0} أونس",
            "unitPattern-count-two": "{0} أونس",
            "unitPattern-count-few": "{0} أونس",
            "unitPattern-count-many": "{0} أونس",
            "unitPattern-count-other": "{0} أونس"
          },
          "mass-pound": {
            "unitPattern-count-zero": "{0}#",
            "unitPattern-count-one": "{0}#",
            "unitPattern-count-two": "{0}#",
            "unitPattern-count-few": "{0}#",
            "unitPattern-count-many": "{0}#",
            "unitPattern-count-other": "{0}#"
          },
          "power-horsepower": {
            "unitPattern-count-zero": "{0} قوة حصان",
            "unitPattern-count-one": "{0} قوة حصان",
            "unitPattern-count-two": "{0} قوة حصان",
            "unitPattern-count-few": "{0} قوة حصان",
            "unitPattern-count-many": "{0} قوة حصان",
            "unitPattern-count-other": "{0} قوة حصان"
          },
          "power-kilowatt": {
            "unitPattern-count-zero": "{0} كواط",
            "unitPattern-count-one": "{0} كواط",
            "unitPattern-count-two": "{0} كواط",
            "unitPattern-count-few": "{0} كواط",
            "unitPattern-count-many": "{0} كواط",
            "unitPattern-count-other": "{0} كواط"
          },
          "power-watt": {
            "unitPattern-count-zero": "{0} واط",
            "unitPattern-count-one": "{0} واط",
            "unitPattern-count-two": "{0} واط",
            "unitPattern-count-few": "{0} واط",
            "unitPattern-count-many": "{0} واط",
            "unitPattern-count-other": "{0} واط"
          },
          "pressure-hectopascal": {
            "unitPattern-count-zero": "{0} هكب",
            "unitPattern-count-one": "{0} هكب",
            "unitPattern-count-two": "{0} هكب",
            "unitPattern-count-few": "{0} هكب",
            "unitPattern-count-many": "{0} هكب",
            "unitPattern-count-other": "{0} هكب"
          },
          "pressure-inch-hg": {
            "unitPattern-count-zero": "{0} ب ز",
            "unitPattern-count-one": "{0} ب ز",
            "unitPattern-count-two": "{0} ب ز",
            "unitPattern-count-few": "{0} ب ز",
            "unitPattern-count-many": "{0} ب ز",
            "unitPattern-count-other": "{0} ب ز"
          },
          "pressure-millibar": {
            "unitPattern-count-zero": "{0} مللي بار",
            "unitPattern-count-one": "{0} مللي بار",
            "unitPattern-count-two": "{0} مللي بار",
            "unitPattern-count-few": "{0} مللي بار",
            "unitPattern-count-many": "{0} مللي بار",
            "unitPattern-count-other": "{0} مللي بار"
          },
          "speed-kilometer-per-hour": {
            "unitPattern-count-zero": "{0} كم/س",
            "unitPattern-count-one": "{0} كم/س",
            "unitPattern-count-two": "{0} كم/س",
            "unitPattern-count-few": "{0} كم/س",
            "unitPattern-count-many": "{0} كم/س",
            "unitPattern-count-other": "{0} كم/س"
          },
          "speed-meter-per-second": {
            "unitPattern-count-zero": "{0} م/ث",
            "unitPattern-count-one": "{0} م/ث",
            "unitPattern-count-two": "{0} م/ث",
            "unitPattern-count-few": "{0} م/ث",
            "unitPattern-count-many": "{0} م/ث",
            "unitPattern-count-other": "{0} م/ث"
          },
          "speed-mile-per-hour": {
            "unitPattern-count-zero": "{0} ميل/س",
            "unitPattern-count-one": "{0} ميل/س",
            "unitPattern-count-two": "{0} ميل/س",
            "unitPattern-count-few": "{0} ميل/س",
            "unitPattern-count-many": "{0} ميل/س",
            "unitPattern-count-other": "{0} ميل/س"
          },
          "temperature-celsius": {
            "unitPattern-count-zero": "{0}د م",
            "unitPattern-count-one": "{0}د م",
            "unitPattern-count-two": "{0}د م",
            "unitPattern-count-few": "{0}د م",
            "unitPattern-count-many": "{0}د م",
            "unitPattern-count-other": "{0}د م"
          },
          "temperature-fahrenheit": {
            "unitPattern-count-zero": "{0} د ف",
            "unitPattern-count-one": "{0} د ف",
            "unitPattern-count-two": "{0} د ف",
            "unitPattern-count-few": "{0} د ف",
            "unitPattern-count-many": "{0} د ف",
            "unitPattern-count-other": "{0} د ف"
          },
          "volume-cubic-kilometer": {
            "unitPattern-count-zero": "{0} كم³",
            "unitPattern-count-one": "{0} كم³",
            "unitPattern-count-two": "{0} كم³",
            "unitPattern-count-few": "{0} كم³",
            "unitPattern-count-many": "{0} كم³",
            "unitPattern-count-other": "{0} كم³"
          },
          "volume-cubic-mile": {
            "unitPattern-count-zero": "{0} ميل مكعب",
            "unitPattern-count-one": "{0} ميل مكعب",
            "unitPattern-count-two": "{0} ميل مكعب",
            "unitPattern-count-few": "{0} ميل مكعب",
            "unitPattern-count-many": "{0} ميل مكعب",
            "unitPattern-count-other": "{0} ميل مكعب"
          },
          "volume-liter": {
            "unitPattern-count-zero": "{0} ل",
            "unitPattern-count-one": "{0} لتر",
            "unitPattern-count-two": "لتران ({0})",
            "unitPattern-count-few": "{0} لترات",
            "unitPattern-count-many": "{0} لترًا",
            "unitPattern-count-other": "{0} ل"
          }
        },
        "durationUnit-type-hm": {
          "durationUnitPattern": "h:mm"
        },
        "durationUnit-type-hms": {
          "durationUnitPattern": "h:mm:ss"
        },
        "durationUnit-type-ms": {
          "durationUnitPattern": "m:ss"
        }
      }
    }
  }
}
