{
  "main": {
    "da": {
      "identity": {
        "version": {
          "_cldrVersion": "25",
          "_number": "$Revision: 91 $"
        },
        "generation": {
          "_date": "$Date: 2014-03-13 22:27:12 -0500 (Thu, 13 Mar 2014) $"
        },
        "language": "da"
      },
      "localeDisplayNames": {
        "languages": {
          "aa": "afar",
          "ab": "abkhasisk",
          "ace": "achinesisk",
          "ach": "acoli",
          "ada": "adangme",
          "ady": "adyghe",
          "ae": "avestan",
          "af": "afrikaans",
          "afh": "afrihili",
          "agq": "aghem",
          "ain": "ainu",
          "ak": "akan",
          "akk": "akkadisk",
          "ale": "aleutisk",
          "alt": "sydaltaisk",
          "am": "amharisk",
          "an": "aragonesisk",
          "ang": "oldengelsk",
          "anp": "angika",
          "ar": "arabisk",
          "ar-001": "moderne standardarabisk",
          "arc": "aramæisk",
          "arn": "araukansk",
          "arp": "arapaho",
          "arw": "arawak",
          "as": "assamesisk",
          "asa": "asu",
          "ast": "asturisk",
          "av": "avarisk",
          "awa": "awadhi",
          "ay": "aymara",
          "az": "aserbajdsjansk",
          "az-alt-short": "azeri",
          "ba": "bashkir",
          "bal": "baluchi",
          "ban": "balinesisk",
          "bas": "basa",
          "bax": "bamun",
          "bbj": "ghomala",
          "be": "hviderussisk",
          "bej": "beja",
          "bem": "bemba",
          "bez": "bena",
          "bfd": "bafut",
          "bg": "bulgarsk",
          "bho": "bhojpuri",
          "bi": "bislama",
          "bik": "bikol",
          "bin": "bini",
          "bkm": "kom",
          "bla": "siksika",
          "bm": "bambara",
          "bn": "bengali",
          "bo": "tibetansk",
          "br": "bretonsk",
          "bra": "braj",
          "brx": "bodo",
          "bs": "bosnisk",
          "bss": "bakossi",
          "bua": "buriatisk",
          "bug": "buginesisk",
          "bum": "bulu",
          "byn": "blin",
          "byv": "medumba",
          "ca": "catalansk",
          "cad": "caddo",
          "car": "caribisk",
          "cay": "cayuga",
          "cch": "atsam",
          "ce": "tjetjensk",
          "ceb": "cebuano",
          "cgg": "chiga",
          "ch": "chamorro",
          "chb": "chibcha",
          "chg": "chagatai",
          "chk": "chuukese",
          "chm": "mari",
          "chn": "chinook",
          "cho": "choctaw",
          "chp": "chipewyan",
          "chr": "cherokee",
          "chy": "cheyenne",
          "ckb": "sorani",
          "co": "korsikansk",
          "cop": "koptisk",
          "cr": "cree",
          "crh": "krim tyrkisk",
          "cs": "tjekkisk",
          "csb": "kasjubisk",
          "cu": "kirkeslavisk",
          "cv": "chuvash",
          "cy": "walisisk",
          "da": "dansk",
          "dak": "dakota",
          "dar": "dargwa",
          "dav": "taita",
          "de": "tysk",
          "de-AT": "østrigsk tysk",
          "de-CH": "schweizerhøjtysk",
          "del": "delaware",
          "den": "athapaskisk",
          "dgr": "dogrib",
          "din": "dinka",
          "dje": "zarma",
          "doi": "dogri",
          "dsb": "nedersorbisk",
          "dua": "duala",
          "dum": "middelhollandsk",
          "dv": "divehi",
          "dyo": "jola-fonyi",
          "dyu": "dyula",
          "dz": "dzongkha",
          "dzg": "dazaga",
          "ebu": "kiembu",
          "ee": "ewe",
          "efi": "efik",
          "egy": "oldegyptisk",
          "eka": "ekajuk",
          "el": "græsk",
          "elx": "elamitisk",
          "en": "engelsk",
          "en-AU": "australsk engelsk",
          "en-CA": "canadisk engelsk",
          "en-GB": "britisk engelsk",
          "en-GB-alt-short": "engelsk (UK)",
          "en-US": "amerikansk engelsk",
          "en-US-alt-short": "en_US",
          "enm": "middelengelsk",
          "eo": "esperanto",
          "es": "spansk",
          "es-419": "latinamerikansk spansk",
          "es-ES": "europæisk spansk",
          "es-MX": "mexicansk spansk",
          "et": "estisk",
          "eu": "baskisk",
          "ewo": "ewondo",
          "fa": "persisk",
          "fan": "fang",
          "fat": "fanti",
          "ff": "fulah",
          "fi": "finsk",
          "fil": "filippinsk",
          "fj": "fijiansk",
          "fo": "færøsk",
          "fon": "fon",
          "fr": "fransk",
          "fr-CA": "canadisk fransk",
          "fr-CH": "schweizisk fransk",
          "frm": "middelfransk",
          "fro": "oldfransk",
          "frr": "nordfrisisk",
          "frs": "østfrisisk",
          "fur": "friulian",
          "fy": "frisisk",
          "ga": "irsk",
          "gaa": "ga",
          "gay": "gayo",
          "gba": "gbaya",
          "gd": "skotsk gælisk",
          "gez": "geez",
          "gil": "gilbertesisk",
          "gl": "galicisk",
          "gmh": "middelhøjtysk",
          "gn": "guarani",
          "goh": "oldhøjtysk",
          "gon": "gondi",
          "gor": "gorontalo",
          "got": "gotisk",
          "grb": "grebo",
          "grc": "oldgræsk",
          "gsw": "schweizertysk",
          "gu": "gujarati",
          "guz": "gusii",
          "gv": "manx",
          "gwi": "gwichin",
          "ha": "hausa",
          "hai": "haida",
          "haw": "hawaiiansk",
          "he": "hebraisk",
          "hi": "hindi",
          "hil": "hiligaynon",
          "hit": "hittitisk",
          "hmn": "hmong",
          "ho": "hirimotu",
          "hr": "kroatisk",
          "hsb": "øvresorbisk",
          "ht": "haitisk",
          "hu": "ungarsk",
          "hup": "hupa",
          "hy": "armensk",
          "hz": "herero",
          "ia": "interlingua",
          "iba": "iban",
          "ibb": "ibibio",
          "id": "indonesisk",
          "ie": "interlingue",
          "ig": "igbo",
          "ii": "sichuan yi",
          "ik": "inupiaq",
          "ilo": "iloko",
          "inh": "ingush",
          "io": "ido",
          "is": "islandsk",
          "it": "italiensk",
          "iu": "inuktitut",
          "ja": "japansk",
          "jbo": "lojban",
          "jgo": "ngomba",
          "jmc": "machame",
          "jpr": "jødisk-persisk",
          "jrb": "jødisk-arabisk",
          "jv": "javanesisk",
          "ka": "georgisk",
          "kaa": "karakalpakisk",
          "kab": "kabyle",
          "kac": "kachin",
          "kaj": "jju",
          "kam": "kamba",
          "kaw": "kawi",
          "kbd": "kabardian",
          "kbl": "kanembu",
          "kcg": "tyap",
          "kde": "makonde",
          "kea": "kapverdisk",
          "kfo": "koro",
          "kg": "kongo",
          "kha": "khasi",
          "kho": "khotanesisk",
          "khq": "koyra-chiini",
          "ki": "kikuyu",
          "kj": "kuanyama",
          "kk": "kasakhisk",
          "kkj": "kako",
          "kl": "grønlandsk",
          "kln": "kalenjin",
          "km": "khmer",
          "kmb": "kimbundu",
          "kn": "kannada",
          "ko": "koreansk",
          "kok": "konkani",
          "kos": "kosraean",
          "kpe": "kpelle",
          "kr": "kanuri",
          "krc": "karatjai-balkar",
          "krl": "karelsk",
          "kru": "kurukh",
          "ks": "kashmiri",
          "ksb": "shambala",
          "ksf": "bafia",
          "ksh": "kölsch",
          "ku": "kurdisk",
          "kum": "kymyk",
          "kut": "kutenaj",
          "kv": "komi",
          "kw": "cornisk",
          "ky": "kirgisisk",
          "la": "latin",
          "lad": "ladino",
          "lag": "langi",
          "lah": "lahnda",
          "lam": "lamba",
          "lb": "luxembourgsk",
          "lez": "lezghian",
          "lg": "ganda",
          "li": "limburgsk",
          "lkt": "lkt",
          "ln": "lingala",
          "lo": "lao",
          "lol": "mongo",
          "loz": "lozi",
          "lt": "litauisk",
          "lu": "luba-Katanga",
          "lua": "luba-Lulua",
          "lui": "luiseno",
          "lun": "lunda",
          "luo": "luo",
          "lus": "lushai",
          "luy": "olulujia",
          "lv": "lettisk",
          "mad": "madurese",
          "maf": "mafa",
          "mag": "magahi",
          "mai": "maithili",
          "mak": "makasar",
          "man": "mandingo",
          "mas": "masai",
          "mde": "maba",
          "mdf": "moksha",
          "mdr": "mandar",
          "men": "mende",
          "mer": "meru",
          "mfe": "morisyen",
          "mg": "malagassisk",
          "mga": "middelirsk",
          "mgh": "makhuwa-meetto",
          "mgo": "meta",
          "mh": "marshallese",
          "mi": "maori",
          "mic": "micmac",
          "min": "minangkabau",
          "mk": "makedonsk",
          "ml": "malayalam",
          "mn": "mongolsk",
          "mnc": "manchu",
          "mni": "manipuri",
          "moh": "mohawk",
          "mos": "mossi",
          "mr": "marathisk",
          "ms": "malay",
          "mt": "maltesisk",
          "mua": "mundang",
          "mul": "flere sprog",
          "mus": "creek",
          "mwl": "mirandesisk",
          "mwr": "marwari",
          "my": "burmesisk",
          "mye": "myene",
          "myv": "erzya",
          "na": "nauru",
          "nap": "neapolitansk",
          "naq": "nama",
          "nb": "norsk bokmål",
          "nd": "nordndebele",
          "nds": "nedertysk",
          "ne": "nepalesisk",
          "new": "newari",
          "ng": "ndonga",
          "nia": "nias",
          "niu": "niuean",
          "nl": "hollandsk",
          "nl-BE": "flamsk",
          "nmg": "kwasio",
          "nn": "nynorsk",
          "nnh": "ngiemboon",
          "no": "norsk",
          "nog": "nogai",
          "non": "oldislandsk",
          "nqo": "n-ko",
          "nr": "sydndebele",
          "nso": "nordsotho",
          "nus": "nuer",
          "nv": "navajo",
          "nwc": "klassisk newarisk",
          "ny": "nyanja",
          "nym": "nyamwezi",
          "nyn": "nyankole",
          "nyo": "nyoro sprog",
          "nzi": "nzima",
          "oc": "occitansk",
          "oj": "ojibwa",
          "om": "oromo",
          "or": "oriya",
          "os": "ossetisk",
          "osa": "osage",
          "ota": "osmannisk-tyrkisk",
          "pa": "punjabi",
          "pag": "pangasinan",
          "pal": "pahlavi",
          "pam": "pampanga",
          "pap": "papiamento",
          "pau": "palauansk",
          "peo": "oldpersisk",
          "phn": "fønikisk",
          "pi": "pali",
          "pl": "polsk",
          "pon": "ponape",
          "pro": "oldprovencalsk",
          "ps": "pashto",
          "ps-alt-variant": "pushto",
          "pt": "portugisisk",
          "pt-BR": "brasiliansk portugisisk",
          "pt-PT": "europæisk portugisisk",
          "qu": "quechua",
          "raj": "rajasthani",
          "rap": "rapanui",
          "rar": "rarotongan",
          "rm": "rætoromansk",
          "rn": "rundi",
          "ro": "rumænsk",
          "ro-MD": "moldovisk",
          "rof": "rombo",
          "rom": "romani",
          "root": "rot",
          "ru": "russisk",
          "rup": "arumænsk",
          "rw": "kinyarwanda",
          "rwk": "rwa",
          "sa": "sanskrit",
          "sad": "sandawe",
          "sah": "yakut",
          "sam": "samaritansk",
          "saq": "samburu",
          "sas": "sasak",
          "sat": "santali",
          "sba": "ngambay",
          "sbp": "sangu",
          "sc": "sardinsk",
          "scn": "siciliansk",
          "sco": "skotsk",
          "sd": "sindhi",
          "se": "nordsamisk",
          "see": "seneca",
          "seh": "sena",
          "sel": "selkupisk",
          "ses": "koyraboro senni",
          "sg": "sango",
          "sga": "oldirsk",
          "sh": "serbokroatisk",
          "shi": "tachelhit",
          "shn": "shan",
          "shu": "tchadisk-arabisk",
          "si": "singalesisk",
          "sid": "sidamo",
          "sk": "slovakisk",
          "sl": "slovensk",
          "sm": "samoansk",
          "sma": "sydsamisk",
          "smj": "lule sami",
          "smn": "inari sami",
          "sms": "skolt sami",
          "sn": "shona",
          "snk": "soninke",
          "so": "somalisk",
          "sog": "sogdiansk",
          "sq": "albansk",
          "sr": "serbisk",
          "srn": "sranan tongo",
          "srr": "serer",
          "ss": "swati",
          "ssy": "saho",
          "st": "sydsotho",
          "su": "sundanesisk",
          "suk": "sukuma",
          "sus": "susu",
          "sux": "sumerisk",
          "sv": "svensk",
          "sw": "swahili",
          "swb": "shimaore",
          "swc": "congolesisk swahili",
          "syc": "klassisk syrisk",
          "syr": "syrisk",
          "ta": "tamilsk",
          "te": "telugu",
          "tem": "temne",
          "teo": "teso",
          "ter": "tereno",
          "tet": "tetum",
          "tg": "tajik",
          "th": "thailandsk",
          "ti": "tigrinya",
          "tig": "tigre",
          "tiv": "tivi",
          "tk": "turkmensk",
          "tkl": "tokelau",
          "tl": "tagalog",
          "tlh": "klingon",
          "tli": "tlingit",
          "tmh": "tamashek",
          "tn": "tswana",
          "to": "tongansk",
          "tog": "nyasa tongansk",
          "tpi": "tok pisin",
          "tr": "tyrkisk",
          "trv": "taroko",
          "ts": "tsonga",
          "tsi": "tsimshisk",
          "tt": "tatarisk",
          "tum": "tumbuka",
          "tvl": "tuvalu",
          "tw": "twi",
          "twq": "tasawaq",
          "ty": "tahitiansk",
          "tyv": "tuvinian",
          "tzm": "centralmarokkansk tamazight",
          "udm": "udmurt",
          "ug": "uygurisk",
          "ug-alt-variant": "uighurisk",
          "uga": "ugaristisk",
          "uk": "ukrainsk",
          "umb": "umbundu",
          "und": "ukendt sprog",
          "ur": "urdu",
          "uz": "usbekisk",
          "vai": "vai",
          "ve": "venda",
          "vi": "vietnamesisk",
          "vo": "volapyk",
          "vot": "votisk",
          "vun": "vunjo",
          "wa": "vallonsk",
          "wae": "walsertysk",
          "wal": "walamo",
          "war": "waray",
          "was": "washo",
          "wo": "wolof",
          "xal": "kalmyk",
          "xh": "xhosa",
          "xog": "soga",
          "yao": "yao",
          "yap": "yapese",
          "yav": "yangben",
          "ybb": "yemba",
          "yi": "jiddisch",
          "yo": "yoruba",
          "yue": "kantonesisk",
          "za": "zhuang",
          "zap": "zapotec",
          "zbl": "blissymboler",
          "zen": "zenaga",
          "zgh": "tamazight",
          "zh": "kinesisk",
          "zh-Hans": "forenklet kinesisk",
          "zh-Hant": "traditionelt kinesisk",
          "zu": "zulu",
          "zun": "zuni",
          "zxx": "intet sprogligt indhold",
          "zza": "zaza"
        }
      }
    }
  }
}
