{
  "main": {
    "da": {
      "identity": {
        "version": {
          "_cldrVersion": "25",
          "_number": "$Revision: 91 $"
        },
        "generation": {
          "_date": "$Date: 2014-03-13 22:27:12 -0500 (Thu, 13 Mar 2014) $"
        },
        "language": "da"
      },
      "localeDisplayNames": {
        "measurementSystemNames": {
          "US": "De amerikanske målesystemer",
          "metric": "Det metriske system",
          "UK": "De britiske målesystemer"
        }
      }
    }
  }
}
