{
  "main": {
    "da": {
      "identity": {
        "version": {
          "_cldrVersion": "25",
          "_number": "$Revision: 91 $"
        },
        "generation": {
          "_date": "$Date: 2014-03-13 22:27:12 -0500 (Thu, 13 Mar 2014) $"
        },
        "language": "da"
      },
      "localeDisplayNames": {
        "scripts": {
          "Afak": "afaka",
          "Aghb": "Aghb",
          "Arab": "arabisk",
          "Arab-alt-variant": "persisk-arabisk",
          "Armi": "armi",
          "Armn": "armensk",
          "Avst": "avestansk",
          "Bali": "balinesisk",
          "Bamu": "bamum",
          "Bass": "bassa",
          "Batk": "batak",
          "Beng": "bengali",
          "Blis": "blissymboler",
          "Bopo": "bopomofo",
          "Brah": "bramisk",
          "Brai": "brailleskrift",
          "Bugi": "buginesisk",
          "Buhd": "buhid",
          "Cakm": "cakm",
          "Cans": "oprindelige canadiske symboler",
          "Cari": "kariansk",
          "Cham": "cham",
          "Cher": "cherokee",
          "Cirt": "cirt",
          "Copt": "koptisk",
          "Cprt": "cypriotisk",
          "Cyrl": "kyrillisk",
          "Cyrs": "kyrillisk - oldkirkeslavisk variant",
          "Deva": "devanagari",
          "Dsrt": "deseret",
          "Dupl": "Duploya-stenografi",
          "Egyd": "egyptisk demotisk",
          "Egyh": "egyptisk hieratisk",
          "Egyp": "egyptiske hieroglyffer",
          "Elba": "Elba",
          "Ethi": "etiopisk",
          "Geok": "georgisk kutsuri",
          "Geor": "georgisk",
          "Glag": "glagolitisk",
          "Goth": "gotisk",
          "Gran": "grantha",
          "Grek": "græsk",
          "Gujr": "gujarati",
          "Guru": "gurmukhi",
          "Hang": "hangul",
          "Hani": "han",
          "Hano": "hanunoo",
          "Hans": "forenklet",
          "Hans-alt-stand-alone": "forenklet han",
          "Hant": "traditionelt",
          "Hant-alt-stand-alone": "traditionelt han",
          "Hebr": "hebraisk",
          "Hira": "hiragana",
          "Hluw": "anatolske hieroglyffer",
          "Hmng": "pahawh hmong",
          "Hrkt": "katakana eller hiragana",
          "Hung": "oldungarsk",
          "Inds": "indus",
          "Ital": "Olditalisk",
          "Java": "javanesisk",
          "Jpan": "japansk",
          "Jurc": "jurchen",
          "Kali": "kaya li",
          "Kana": "katakana",
          "Khar": "kharoshti",
          "Khmr": "khmer",
          "Khoj": "khojki",
          "Knda": "kannada",
          "Kore": "koreansk",
          "Kpel": "kpelle",
          "Kthi": "kthi",
          "Lana": "lanna",
          "Laoo": "lao",
          "Latf": "latinsk - frakturvariant",
          "Latg": "latinsk - gælisk variant",
          "Latn": "latinsk",
          "Lepc": "lepcha",
          "Limb": "limbu",
          "Lina": "lineær A",
          "Linb": "lineær B",
          "Lisu": "lisu",
          "Loma": "loma",
          "Lyci": "lykisk",
          "Lydi": "lydisk",
          "Mahj": "Mahj",
          "Mand": "mandaisk",
          "Mani": "manikæisk",
          "Maya": "mayahieroglyffer",
          "Mend": "mende",
          "Merc": "metroitisk sammenhængende",
          "Mero": "meroitisk",
          "Mlym": "malayalam",
          "Mong": "mongolsk",
          "Moon": "moon",
          "Mroo": "mroo",
          "Mtei": "meitei-mayek",
          "Mymr": "burmesisk",
          "Narb": "gammelt nordarabisk",
          "Nbat": "nabateisk",
          "Nkgb": "nakhi geba",
          "Nkoo": "n'ko",
          "Nshu": "nüshu",
          "Ogam": "ogham",
          "Olck": "ol-chiki",
          "Orkh": "orkhon",
          "Orya": "oriya",
          "Osma": "osmannisk",
          "Palm": "palmyrensk",
          "Perm": "oldpermisk",
          "Phag": "phags-pa",
          "Phli": "phli",
          "Phlp": "phlp",
          "Phlv": "pahlavi",
          "Phnx": "fønikisk",
          "Plrd": "pollardtegn",
          "Prti": "prti",
          "Qaaa": "Qaaa",
          "Qaab": "Qaab",
          "Qaac": "Qaac",
          "Qaad": "Qaad",
          "Qaae": "Qaae",
          "Qaaf": "Qaaf",
          "Qaag": "Qaag",
          "Qaah": "Qaah",
          "Qaaj": "Qaaj",
          "Qaak": "Qaak",
          "Qaal": "Qaal",
          "Qaam": "Qaam",
          "Qaan": "Qaan",
          "Qaao": "Qaao",
          "Qaap": "Qaap",
          "Qaaq": "Qaaq",
          "Qaar": "Qaar",
          "Qaas": "Qaas",
          "Qaat": "Qaat",
          "Qaau": "Qaau",
          "Qaav": "Qaav",
          "Qaaw": "Qaaw",
          "Qaax": "Qaax",
          "Qaay": "Qaay",
          "Qaaz": "Qaaz",
          "Qaba": "Qaba",
          "Qabb": "Qabb",
          "Qabc": "Qabc",
          "Qabd": "Qabd",
          "Qabe": "Qabe",
          "Qabf": "Qabf",
          "Qabg": "Qabg",
          "Qabh": "Qabh",
          "Qabi": "Qabi",
          "Qabj": "Qabj",
          "Qabk": "Qabk",
          "Qabl": "Qabl",
          "Qabm": "Qabm",
          "Qabn": "Qabn",
          "Qabo": "Qabo",
          "Qabp": "Qabp",
          "Qabq": "Qabq",
          "Qabr": "Qabr",
          "Qabs": "Qabs",
          "Qabt": "Qabt",
          "Qabu": "Qabu",
          "Qabv": "Qabv",
          "Qabw": "Qabw",
          "Qabx": "Qabx",
          "Rjng": "rejang",
          "Roro": "rongo-rongo",
          "Runr": "runer",
          "Samr": "samaritansk",
          "Sara": "sarati",
          "Sarb": "oldsørarabisk",
          "Saur": "saurashtra",
          "Sgnw": "tegnskrift",
          "Shaw": "shavisk",
          "Shrd": "sharada",
          "Sind": "khudawadi",
          "Sinh": "singalesisk",
          "Sora": "sora",
          "Sund": "sundanesisk",
          "Sylo": "syloti nagri",
          "Syrc": "syrisk",
          "Syre": "syrisk - estrangelovariant",
          "Syrj": "vestsyrisk",
          "Syrn": "østsyriakisk",
          "Tagb": "tagbanwa",
          "Takr": "takri",
          "Tale": "tai le",
          "Talu": "tai lue",
          "Taml": "tamilsk",
          "Tang": "tangut",
          "Tavt": "tavt",
          "Telu": "telugu",
          "Teng": "tengwar",
          "Tfng": "tifinagh",
          "Tglg": "tagalog",
          "Thaa": "thaana",
          "Thai": "thailandsk",
          "Tibt": "tibetansk",
          "Tirh": "tirhuta",
          "Ugar": "ugaritisk",
          "Vaii": "vai",
          "Visp": "synlig tale",
          "Wara": "varang kshiti",
          "Wole": "woleai",
          "Xpeo": "oldpersisk",
          "Xsux": "sumero-akkadisk cuneiform",
          "Yiii": "yi",
          "Zinh": "arvet",
          "Zmth": "zmth",
          "Zsym": "zsym",
          "Zxxx": "uden skriftsprog",
          "Zyyy": "fælles",
          "Zzzz": "ukendt skriftsprog"
        }
      }
    }
  }
}
