{
  "main": {
    "el": {
      "identity": {
        "version": {
          "_cldrVersion": "25",
          "_number": "$Revision: 91 $"
        },
        "generation": {
          "_date": "$Date: 2014-03-13 22:27:12 -0500 (Thu, 13 Mar 2014) $"
        },
        "language": "el"
      },
      "characters": {
        "exemplarCharacters": "[α ά β γ δ ε έ ζ η ή θ ι ί ϊ ΐ κ λ μ ν ξ ο ό π ρ σ ς τ υ ύ ϋ ΰ φ χ ψ ω ώ]",
        "auxiliary": "[ἀ ἄ ἂ ἆ ἁ ἅ ἃ ἇ ὰ ᾶ ἐ ἔ ἒ ἑ ἕ ἓ ὲ ἠ ἤ ἢ ἦ ἡ ἥ ἣ ἧ ὴ ῆ ἰ ἴ ἲ ἶ ἱ ἵ ἳ ἷ ὶ ῖ ῒ ῗ ὄ ὂ ὃ ὸ ὐ ὔ ὒ ὖ ὑ ὕ ὓ ὗ ὺ ῦ ῢ ῧ ὤ ὢ ὦ ὥ ὣ ὧ ὼ ῶ]",
        "punctuation": "[\\- ‐ – — , ; \\: ! . … \" ( ) \\[ \\] § @ * / \\\\ \\&]",
        "index": "[Α Β Γ Δ Ε Ζ Η Θ Ι Κ Λ Μ Ν Ξ Ο Π Ρ Σ Τ Υ Φ Χ Ψ Ω]",
        "ellipsis": {
          "initial": "…{0}",
          "medial": "{0}…{1}",
          "final": "{0}…",
          "word-initial": "… {0}",
          "word-medial": "{0} … {1}",
          "word-final": "{0} …"
        },
        "moreInformation": ";"
      }
    }
  }
}
