{
  "main": {
    "el": {
      "identity": {
        "version": {
          "_cldrVersion": "25",
          "_number": "$Revision: 91 $"
        },
        "generation": {
          "_date": "$Date: 2014-03-13 22:27:12 -0500 (Thu, 13 Mar 2014) $"
        },
        "language": "el"
      },
      "localeDisplayNames": {
        "transformNames": {
          "BGN": "BGN",
          "Numeric": "Αριθμητικό",
          "Tone": "Τόνος",
          "UNGEGN": "UNGEGN",
          "x-Accents": "Σημεία τονισμού",
          "x-Fullwidth": "Πλήρους πλάτους",
          "x-Halfwidth": "Μισού πλάτους",
          "x-Jamo": "Τζάμο [Jamo]",
          "x-Pinyin": "Πινγίν",
          "x-Publishing": "Έκδοση"
        }
      }
    }
  }
}
