{
  "main": {
    "es": {
      "identity": {
        "version": {
          "_cldrVersion": "25",
          "_number": "$Revision: 91 $"
        },
        "generation": {
          "_date": "$Date: 2014-03-13 22:27:12 -0500 (Thu, 13 Mar 2014) $"
        },
        "language": "es"
      },
      "characters": {
        "exemplarCharacters": "[a á b c d e é f g h i í j k l m n ñ o ó p q r s t u ú ü v w x y z]",
        "auxiliary": "[ª à ă â å ä ã ā æ ç è ĕ ê ë ē ì ĭ î ï ī º ò ŏ ô ö ø ō œ ù ŭ û ū ÿ]",
        "punctuation": "[\\- ‐ – — , ; \\: ! ¡ ? ¿ . … ' ‘ ’ \" “ ” « » ( ) \\[ \\] § @ * / \\\\ \\& # † ‡ ′ ″]",
        "index": "[A B C D E F G H I J K L M N Ñ O P Q R S T U V W X Y Z]",
        "ellipsis": {
          "initial": "… {0}",
          "medial": "{0}… {1}",
          "final": "{0}…",
          "word-initial": "… {0}",
          "word-medial": "{0}… {1}",
          "word-final": "{0}…"
        },
        "moreInformation": "?"
      }
    }
  }
}
