{
  "main": {
    "es": {
      "identity": {
        "version": {
          "_cldrVersion": "25",
          "_number": "$Revision: 91 $"
        },
        "generation": {
          "_date": "$Date: 2014-03-13 22:27:12 -0500 (Thu, 13 Mar 2014) $"
        },
        "language": "es"
      },
      "dates": {
        "fields": {
          "era": {
            "displayName": "era"
          },
          "year": {
            "displayName": "año",
            "relative-type--1": "el año pasado",
            "relative-type-0": "este año",
            "relative-type-1": "el próximo año",
            "relativeTime-type-future": {
              "relativeTimePattern-count-one": "dentro de {0} año",
              "relativeTimePattern-count-other": "dentro de {0} años"
            },
            "relativeTime-type-past": {
              "relativeTimePattern-count-one": "hace {0} año",
              "relativeTimePattern-count-other": "hace {0} años"
            }
          },
          "month": {
            "displayName": "mes",
            "relative-type--1": "el mes pasado",
            "relative-type-0": "este mes",
            "relative-type-1": "el próximo mes",
            "relativeTime-type-future": {
              "relativeTimePattern-count-one": "dentro de {0} mes",
              "relativeTimePattern-count-other": "dentro de {0} meses"
            },
            "relativeTime-type-past": {
              "relativeTimePattern-count-one": "hace {0} mes",
              "relativeTimePattern-count-other": "hace {0} meses"
            }
          },
          "week": {
            "displayName": "semana",
            "relative-type--1": "la semana pasada",
            "relative-type-0": "esta semana",
            "relative-type-1": "la próxima semana",
            "relativeTime-type-future": {
              "relativeTimePattern-count-one": "dentro de {0} semana",
              "relativeTimePattern-count-other": "dentro de {0} semanas"
            },
            "relativeTime-type-past": {
              "relativeTimePattern-count-one": "hace {0} semana",
              "relativeTimePattern-count-other": "hace {0} semanas"
            }
          },
          "day": {
            "displayName": "día",
            "relative-type--1": "ayer",
            "relative-type--2": "antes de ayer",
            "relative-type-0": "hoy",
            "relative-type-1": "mañana",
            "relative-type-2": "pasado mañana",
            "relativeTime-type-future": {
              "relativeTimePattern-count-one": "dentro de {0} día",
              "relativeTimePattern-count-other": "dentro de {0} días"
            },
            "relativeTime-type-past": {
              "relativeTimePattern-count-one": "hace {0} día",
              "relativeTimePattern-count-other": "hace {0} días"
            }
          },
          "weekday": {
            "displayName": "día de la semana"
          },
          "sun": {
            "relative-type--1": "el domingo pasado",
            "relative-type-0": "este domingo",
            "relative-type-1": "el próximo domingo"
          },
          "mon": {
            "relative-type--1": "el lunes pasado",
            "relative-type-0": "este lunes",
            "relative-type-1": "el próximo lunes"
          },
          "tue": {
            "relative-type--1": "el martes pasado",
            "relative-type-0": "este martes",
            "relative-type-1": "el próximo martes"
          },
          "wed": {
            "relative-type--1": "el miércoles pasado",
            "relative-type-0": "este miércoles",
            "relative-type-1": "el próximo miércoles"
          },
          "thu": {
            "relative-type--1": "el jueves pasado",
            "relative-type-0": "este jueves",
            "relative-type-1": "el próximo jueves"
          },
          "fri": {
            "relative-type--1": "el viernes pasado",
            "relative-type-0": "este viernes",
            "relative-type-1": "el próximo viernes"
          },
          "sat": {
            "relative-type--1": "el sábado pasado",
            "relative-type-0": "este sábado",
            "relative-type-1": "el próximo sábado"
          },
          "dayperiod": {
            "displayName": "periodo del día"
          },
          "hour": {
            "displayName": "hora",
            "relativeTime-type-future": {
              "relativeTimePattern-count-one": "dentro de {0} hora",
              "relativeTimePattern-count-other": "dentro de {0} horas"
            },
            "relativeTime-type-past": {
              "relativeTimePattern-count-one": "hace {0} hora",
              "relativeTimePattern-count-other": "hace {0} horas"
            }
          },
          "minute": {
            "displayName": "minuto",
            "relativeTime-type-future": {
              "relativeTimePattern-count-one": "dentro de {0} minuto",
              "relativeTimePattern-count-other": "dentro de {0} minutos"
            },
            "relativeTime-type-past": {
              "relativeTimePattern-count-one": "hace {0} minuto",
              "relativeTimePattern-count-other": "hace {0} minutos"
            }
          },
          "second": {
            "displayName": "segundo",
            "relative-type-0": "ahora",
            "relativeTime-type-future": {
              "relativeTimePattern-count-one": "dentro de {0} segundo",
              "relativeTimePattern-count-other": "dentro de {0} segundos"
            },
            "relativeTime-type-past": {
              "relativeTimePattern-count-one": "hace {0} segundo",
              "relativeTimePattern-count-other": "hace {0} segundos"
            }
          },
          "zone": {
            "displayName": "zona horaria"
          }
        }
      }
    }
  }
}
