{
  "main": {
    "es": {
      "identity": {
        "version": {
          "_cldrVersion": "25",
          "_number": "$Revision: 91 $"
        },
        "generation": {
          "_date": "$Date: 2014-03-13 22:27:12 -0500 (Thu, 13 Mar 2014) $"
        },
        "language": "es"
      },
      "localeDisplayNames": {
        "transformNames": {
          "BGN": "BGN",
          "Numeric": "Numérico",
          "Tone": "Tono",
          "UNGEGN": "UNGEGN",
          "x-Accents": "Acentos",
          "x-Fullwidth": "Ancho completo",
          "x-Halfwidth": "Ancho medio",
          "x-Jamo": "Jamo",
          "x-Pinyin": "Pinyin",
          "x-Publishing": "Publicación"
        }
      }
    }
  }
}
