{
  "main": {
    "cs": {
      "identity": {
        "version": {
          "_cldrVersion": "25",
          "_number": "$Revision: 91 $"
        },
        "generation": {
          "_date": "$Date: 2014-03-13 22:27:12 -0500 (Thu, 13 Mar 2014) $"
        },
        "language": "cs"
      },
      "dates": {
        "calendars": {
          "buddhist": {
            "months": {
              "format": {
                "abbreviated": {
                  "1": "led",
                  "2": "úno",
                  "3": "bře",
                  "4": "dub",
                  "5": "kvě",
                  "6": "čvn",
                  "7": "čvc",
                  "8": "srp",
                  "9": "zář",
                  "10": "říj",
                  "11": "lis",
                  "12": "pro"
                },
                "narrow": {
                  "1": "1",
                  "2": "2",
                  "3": "3",
                  "4": "4",
                  "5": "5",
                  "6": "6",
                  "7": "7",
                  "8": "8",
                  "9": "9",
                  "10": "10",
                  "11": "11",
                  "12": "12"
                },
                "wide": {
                  "1": "ledna",
                  "2": "února",
                  "3": "března",
                  "4": "dubna",
                  "5": "května",
                  "6": "června",
                  "7": "července",
                  "8": "srpna",
                  "9": "září",
                  "10": "října",
                  "11": "listopadu",
                  "12": "prosince"
                }
              },
              "stand-alone": {
                "abbreviated": {
                  "1": "led",
                  "2": "úno",
                  "3": "bře",
                  "4": "dub",
                  "5": "kvě",
                  "6": "čvn",
                  "7": "čvc",
                  "8": "srp",
                  "9": "zář",
                  "10": "říj",
                  "11": "lis",
                  "12": "pro"
                },
                "narrow": {
                  "1": "l",
                  "2": "ú",
                  "3": "b",
                  "4": "d",
                  "5": "k",
                  "6": "č",
                  "7": "č",
                  "8": "s",
                  "9": "z",
                  "10": "ř",
                  "11": "l",
                  "12": "p"
                },
                "wide": {
                  "1": "leden",
                  "2": "únor",
                  "3": "březen",
                  "4": "duben",
                  "5": "květen",
                  "6": "červen",
                  "7": "červenec",
                  "8": "srpen",
                  "9": "září",
                  "10": "říjen",
                  "11": "listopad",
                  "12": "prosinec"
                }
              }
            },
            "days": {
              "format": {
                "abbreviated": {
                  "sun": "ne",
                  "mon": "po",
                  "tue": "út",
                  "wed": "st",
                  "thu": "čt",
                  "fri": "pá",
                  "sat": "so"
                },
                "narrow": {
                  "sun": "N",
                  "mon": "P",
                  "tue": "Ú",
                  "wed": "S",
                  "thu": "Č",
                  "fri": "P",
                  "sat": "S"
                },
                "short": {
                  "sun": "ne",
                  "mon": "po",
                  "tue": "út",
                  "wed": "st",
                  "thu": "čt",
                  "fri": "pá",
                  "sat": "so"
                },
                "wide": {
                  "sun": "neděle",
                  "mon": "pondělí",
                  "tue": "úterý",
                  "wed": "středa",
                  "thu": "čtvrtek",
                  "fri": "pátek",
                  "sat": "sobota"
                }
              },
              "stand-alone": {
                "abbreviated": {
                  "sun": "ne",
                  "mon": "po",
                  "tue": "út",
                  "wed": "st",
                  "thu": "čt",
                  "fri": "pá",
                  "sat": "so"
                },
                "narrow": {
                  "sun": "N",
                  "mon": "P",
                  "tue": "Ú",
                  "wed": "S",
                  "thu": "Č",
                  "fri": "P",
                  "sat": "S"
                },
                "short": {
                  "sun": "ne",
                  "mon": "po",
                  "tue": "út",
                  "wed": "st",
                  "thu": "čt",
                  "fri": "pá",
                  "sat": "so"
                },
                "wide": {
                  "sun": "neděle",
                  "mon": "pondělí",
                  "tue": "úterý",
                  "wed": "středa",
                  "thu": "čtvrtek",
                  "fri": "pátek",
                  "sat": "sobota"
                }
              }
            },
            "quarters": {
              "format": {
                "abbreviated": {
                  "1": "Q1",
                  "2": "Q2",
                  "3": "Q3",
                  "4": "Q4"
                },
                "narrow": {
                  "1": "1",
                  "2": "2",
                  "3": "3",
                  "4": "4"
                },
                "wide": {
                  "1": "1. čtvrtletí",
                  "2": "2. čtvrtletí",
                  "3": "3. čtvrtletí",
                  "4": "4. čtvrtletí"
                }
              },
              "stand-alone": {
                "abbreviated": {
                  "1": "Q1",
                  "2": "Q2",
                  "3": "Q3",
                  "4": "Q4"
                },
                "narrow": {
                  "1": "1",
                  "2": "2",
                  "3": "3",
                  "4": "4"
                },
                "wide": {
                  "1": "1. čtvrtletí",
                  "2": "2. čtvrtletí",
                  "3": "3. čtvrtletí",
                  "4": "4. čtvrtletí"
                }
              }
            },
            "dayPeriods": {
              "format": {
                "abbreviated": {
                  "am": "AM",
                  "noon": "noon",
                  "pm": "PM"
                },
                "narrow": {
                  "am": "AM",
                  "noon": "n",
                  "pm": "PM"
                },
                "wide": {
                  "am": "AM",
                  "noon": "noon",
                  "pm": "PM"
                }
              },
              "stand-alone": {
                "abbreviated": {
                  "am": "AM",
                  "noon": "noon",
                  "pm": "PM"
                },
                "narrow": {
                  "am": "AM",
                  "noon": "n",
                  "pm": "PM"
                },
                "wide": {
                  "am": "AM",
                  "noon": "noon",
                  "pm": "PM"
                }
              }
            },
            "eras": {
              "eraNames": {
                "0": "BE"
              },
              "eraAbbr": {
                "0": "BE"
              },
              "eraNarrow": {
                "0": "BE"
              }
            },
            "dateFormats": {
              "full": "EEEE d. MMMM y G",
              "long": "d. MMMM y G",
              "medium": "d. M. y G",
              "short": "dd.MM.yy GGGGG"
            },
            "timeFormats": {
              "full": "H:mm:ss zzzz",
              "long": "H:mm:ss z",
              "medium": "H:mm:ss",
              "short": "H:mm"
            },
            "dateTimeFormats": {
              "full": "{1} {0}",
              "long": "{1} {0}",
              "medium": "{1} {0}",
              "short": "{1} {0}",
              "availableFormats": {
                "EHm": "E HH:mm",
                "EHms": "E HH:mm:ss",
                "Ed": "E d.",
                "Ehm": "E h:mm a",
                "Ehms": "E h:mm:ss a",
                "Gy": "y G",
                "GyMMM": "LLLL y G",
                "GyMMMEd": "E d. M. y G",
                "GyMMMMEd": "E d. MMMM y G",
                "GyMMMMd": "d. MMMM y G",
                "GyMMMd": "d. M. y G",
                "H": "H",
                "Hm": "H:mm",
                "Hms": "H:mm:ss",
                "M": "L",
                "MEd": "E d. M.",
                "MMM": "LLL",
                "MMMEd": "E d. M.",
                "MMMMEd": "E d. MMMM",
                "MMMMd": "d. MMMM",
                "MMMd": "d. M.",
                "Md": "d. M.",
                "d": "d.",
                "h": "h a",
                "hm": "h:mm a",
                "hms": "h:mm:ss a",
                "ms": "mm:ss",
                "y": "y G",
                "yyyy": "y G",
                "yyyyM": "M/y GGGGG",
                "yyyyMEd": "E d. M. y GGGGG",
                "yyyyMMM": "LLLL y G",
                "yyyyMMMEd": "E d. M. y G",
                "yyyyMMMM": "LLLL y G",
                "yyyyMMMMEd": "E d. MMMM y G",
                "yyyyMMMMd": "d. MMMM y G",
                "yyyyMMMd": "d. M. y G",
                "yyyyMd": "d. M. y GGGGG",
                "yyyyQQQ": "QQQ y G",
                "yyyyQQQQ": "QQQQ y G"
              },
              "appendItems": {
                "Day": "{0} ({2}: {1})",
                "Day-Of-Week": "{0} {1}",
                "Era": "{1} {0}",
                "Hour": "{0} ({2}: {1})",
                "Minute": "{0} ({2}: {1})",
                "Month": "{0} ({2}: {1})",
                "Quarter": "{0} ({2}: {1})",
                "Second": "{0} ({2}: {1})",
                "Timezone": "{0} {1}",
                "Week": "{0} ({2}: {1})",
                "Year": "{1} {0}"
              },
              "intervalFormats": {
                "intervalFormatFallback": "{0} – {1}",
                "H": {
                  "H": "H–H"
                },
                "Hm": {
                  "H": "H:mm–H:mm",
                  "m": "H:mm–H:mm"
                },
                "Hmv": {
                  "H": "H:mm–H:mm v",
                  "m": "H:mm–H:mm v"
                },
                "Hv": {
                  "H": "H–H v"
                },
                "M": {
                  "M": "M–M"
                },
                "MEd": {
                  "M": "E d. M. – E d. M.",
                  "d": "E d. M. – E d. M."
                },
                "MMM": {
                  "M": "MMM–MMM"
                },
                "MMMEd": {
                  "M": "E d. M. – E d. M.",
                  "d": "E d. M. – E d. M."
                },
                "MMMd": {
                  "M": "d. M. – d. M.",
                  "d": "d.–d. M."
                },
                "Md": {
                  "M": "d. M. – d. M.",
                  "d": "d. M. – d. M."
                },
                "d": {
                  "d": "d.–d."
                },
                "h": {
                  "a": "H – H",
                  "h": "h–h a"
                },
                "hm": {
                  "a": "h:mm a – h:mm a",
                  "h": "h:mm–h:mm a",
                  "m": "h:mm–h:mm a"
                },
                "hmv": {
                  "a": "H:mm – H:mm v",
                  "h": "h:mm–h:mm a v",
                  "m": "h:mm–h:mm a v"
                },
                "hv": {
                  "a": "H – H v",
                  "h": "h–h a v"
                },
                "y": {
                  "y": "y–y G"
                },
                "yM": {
                  "M": "M/y – M/y G",
                  "y": "M/y – M/y G"
                },
                "yMEd": {
                  "M": "E dd.MM.y – E dd.MM.y G",
                  "d": "E dd.MM.y – E dd.MM.y G",
                  "y": "E dd.MM.y – E dd.MM.y G"
                },
                "yMMM": {
                  "M": "MMM–MMM y G",
                  "y": "MMM y – MMM y G"
                },
                "yMMMEd": {
                  "M": "E d. M. – E d. M. y G",
                  "d": "E d. M. – E d. M. y G",
                  "y": "E d. M. y – E d. M. y G"
                },
                "yMMMM": {
                  "M": "LLLL–LLLL y G",
                  "y": "LLLL y – LLLL y G"
                },
                "yMMMd": {
                  "M": "d. M. – d. M. y G",
                  "d": "d.–d. M. y G",
                  "y": "d. M. y – d. M. y G"
                },
                "yMd": {
                  "M": "dd.MM.y – dd.MM.y G",
                  "d": "dd.MM.y – dd.MM.y G",
                  "y": "dd.MM.y – dd.MM.y G"
                }
              }
            }
          }
        }
      }
    }
  }
}
