{
  "main": {
    "cs": {
      "identity": {
        "version": {
          "_cldrVersion": "25",
          "_number": "$Revision: 91 $"
        },
        "generation": {
          "_date": "$Date: 2014-03-13 22:27:12 -0500 (Thu, 13 Mar 2014) $"
        },
        "language": "cs"
      },
      "characters": {
        "exemplarCharacters": "[a á b c č d ď e é ě f g h {ch} i í j k l m n ň o ó p q r ř s š t ť u ú ů v w x y ý z ž]",
        "auxiliary": "[á à ă â å ä ã ā æ ç é è ĕ ê ë ē í ì ĭ î ï ī ľ ł ñ ó ò ŏ ô ö ø ō œ ŕ ú ù ŭ û ü ū ÿ]",
        "punctuation": "[\\- ‐ – , ; \\: ! ? . … ‘ ‚ “ „ ( ) \\[ \\] § @ * / \\&]",
        "index": "[A B C Č D E F G H {CH} I J K L M N O P Q R Ř S Š T U V W X Y Z Ž]",
        "ellipsis": {
          "initial": "… {0}",
          "medial": "{0}… {1}",
          "final": "{0}…",
          "word-initial": "… {0}",
          "word-medial": "{0} … {1}",
          "word-final": "{0} …"
        },
        "moreInformation": "?"
      }
    }
  }
}
