{
  "main": {
    "ca": {
      "identity": {
        "version": {
          "_cldrVersion": "25",
          "_number": "$Revision: 91 $"
        },
        "generation": {
          "_date": "$Date: 2014-03-13 22:27:12 -0500 (Thu, 13 Mar 2014) $"
        },
        "language": "ca"
      },
      "dates": {
        "fields": {
          "era": {
            "displayName": "era"
          },
          "year": {
            "displayName": "any",
            "relative-type--1": "l'any passat",
            "relative-type-0": "enguany",
            "relative-type-1": "l'any que ve",
            "relativeTime-type-future": {
              "relativeTimePattern-count-one": "D'aquí a {0} any",
              "relativeTimePattern-count-other": "D'aquí a {0} anys"
            },
            "relativeTime-type-past": {
              "relativeTimePattern-count-one": "Fa {0} any",
              "relativeTimePattern-count-other": "Fa {0} anys"
            }
          },
          "month": {
            "displayName": "mes",
            "relative-type--1": "el mes passat",
            "relative-type-0": "aquest mes",
            "relative-type-1": "el mes que ve",
            "relativeTime-type-future": {
              "relativeTimePattern-count-one": "D'aquí a {0} mes",
              "relativeTimePattern-count-other": "D'aquí a {0} mesos"
            },
            "relativeTime-type-past": {
              "relativeTimePattern-count-one": "Fa {0} mes",
              "relativeTimePattern-count-other": "Fa {0} mesos"
            }
          },
          "week": {
            "displayName": "setmana",
            "relative-type--1": "la setmana passada",
            "relative-type-0": "aquesta setmana",
            "relative-type-1": "la setmana que ve",
            "relativeTime-type-future": {
              "relativeTimePattern-count-one": "D'aquí a {0} setmana",
              "relativeTimePattern-count-other": "D'aquí a {0} setmanes"
            },
            "relativeTime-type-past": {
              "relativeTimePattern-count-one": "Fa {0} setmana",
              "relativeTimePattern-count-other": "Fa {0} setmanes"
            }
          },
          "day": {
            "displayName": "dia",
            "relative-type--1": "ahir",
            "relative-type--2": "abans-d'ahir",
            "relative-type-0": "avui",
            "relative-type-1": "demà",
            "relative-type-2": "demà passat",
            "relativeTime-type-future": {
              "relativeTimePattern-count-one": "D'aquí a {0} dia",
              "relativeTimePattern-count-other": "D'aquí a {0} dies"
            },
            "relativeTime-type-past": {
              "relativeTimePattern-count-one": "Fa {0} dia",
              "relativeTimePattern-count-other": "Fa {0} dies"
            }
          },
          "weekday": {
            "displayName": "dia de la setmana"
          },
          "sun": {
            "relative-type--1": "diumenge passat",
            "relative-type-0": "aquest diumenge",
            "relative-type-1": "diumenge que ve"
          },
          "mon": {
            "relative-type--1": "dilluns passat",
            "relative-type-0": "aquest dilluns",
            "relative-type-1": "dilluns que ve"
          },
          "tue": {
            "relative-type--1": "dimarts passat",
            "relative-type-0": "aquest dimarts",
            "relative-type-1": "dimarts que ve"
          },
          "wed": {
            "relative-type--1": "dimecres passat",
            "relative-type-0": "aquest dimecres",
            "relative-type-1": "dimecres que ve"
          },
          "thu": {
            "relative-type--1": "dijous passat",
            "relative-type-0": "aquest dijous",
            "relative-type-1": "dijous que ve"
          },
          "fri": {
            "relative-type--1": "divendres passat",
            "relative-type-0": "aquest divendres",
            "relative-type-1": "divendres que ve"
          },
          "sat": {
            "relative-type--1": "dissabte passat",
            "relative-type-0": "aquest dissabte",
            "relative-type-1": "dissabte que ve"
          },
          "dayperiod": {
            "displayName": "a. m./p. m."
          },
          "hour": {
            "displayName": "hora",
            "relativeTime-type-future": {
              "relativeTimePattern-count-one": "D'aquí a {0} hora",
              "relativeTimePattern-count-other": "D'aquí a {0} hores"
            },
            "relativeTime-type-past": {
              "relativeTimePattern-count-one": "Fa {0} hora",
              "relativeTimePattern-count-other": "Fa {0} hores"
            }
          },
          "minute": {
            "displayName": "minut",
            "relativeTime-type-future": {
              "relativeTimePattern-count-one": "D'aquí a {0} minut",
              "relativeTimePattern-count-other": "D'aquí a {0} minuts"
            },
            "relativeTime-type-past": {
              "relativeTimePattern-count-one": "Fa {0} minut",
              "relativeTimePattern-count-other": "Fa {0} minuts"
            }
          },
          "second": {
            "displayName": "segon",
            "relative-type-0": "ara",
            "relativeTime-type-future": {
              "relativeTimePattern-count-one": "D'aquí a {0} segon",
              "relativeTimePattern-count-other": "D'aquí a {0} segons"
            },
            "relativeTime-type-past": {
              "relativeTimePattern-count-one": "Fa {0} segon",
              "relativeTimePattern-count-other": "Fa {0} segons"
            }
          },
          "zone": {
            "displayName": "zona"
          }
        }
      }
    }
  }
}
