{
  "main": {
    "de": {
      "identity": {
        "version": {
          "_cldrVersion": "25",
          "_number": "$Revision: 91 $"
        },
        "generation": {
          "_date": "$Date: 2014-03-13 22:27:12 -0500 (Thu, 13 Mar 2014) $"
        },
        "language": "de"
      },
      "localeDisplayNames": {
        "measurementSystemNames": {
          "US": "Angloamerikanisches",
          "metric": "Internationales (SI)",
          "UK": "Englisches"
        }
      }
    }
  }
}
